crate,total_downloads
supply-chain-trust-example-crate-000001,314
supply-chain-trust-example-crate-000002,316
supply-chain-trust-example-crate-000003,241
supply-chain-trust-example-crate-000004,250
supply-chain-trust-example-crate-000005,183
supply-chain-trust-example-crate-000006,242
supply-chain-trust-example-crate-000007,177
supply-chain-trust-example-crate-000008,171
supply-chain-trust-example-crate-000009,105
supply-chain-trust-example-crate-000010,102
supply-chain-trust-example-crate-000011,100
supply-chain-trust-example-crate-000012,104
supply-chain-trust-example-crate-000013,102
supply-chain-trust-example-crate-000014,245
supply-chain-trust-example-crate-000015,246
supply-chain-trust-example-crate-000016,245
supply-chain-trust-example-crate-000017,370
supply-chain-trust-example-crate-000018,247
supply-chain-trust-example-crate-000019,247
supply-chain-trust-example-crate-000020,247
supply-chain-trust-example-crate-000021,174
supply-chain-trust-example-crate-000022,242
supply-chain-trust-example-crate-000023,173
supply-chain-trust-example-crate-000024,102
supply-chain-trust-example-crate-000025,243
supply-chain-trust-example-crate-000026,169
supply-chain-trust-example-crate-000027,175
supply-chain-trust-example-crate-000028,249
supply-chain-trust-example-crate-000029,172
supply-chain-trust-example-crate-000030,108
supply-chain-trust-example-crate-000031,179
supply-chain-trust-example-crate-000032,173
supply-chain-trust-example-crate-000033,101
supply-chain-trust-example-crate-000034,181
supply-chain-trust-example-crate-000035,101
supply-chain-trust-example-crate-000036,172
supply-chain-trust-example-crate-000037,175
supply-chain-trust-example-crate-000038,179
supply-chain-trust-example-crate-000039,174
supply-chain-trust-example-crate-000040,103
supply-chain-trust-example-crate-000041,179
supply-chain-trust-example-crate-000042,174
supply-chain-trust-example-crate-000043,180
supply-chain-trust-example-crate-000044,171
supply-chain-trust-example-crate-000045,103
supply-chain-trust-example-crate-000046,177
supply-chain-trust-example-crate-000047,174
supply-chain-trust-example-crate-000048,174
supply-chain-trust-example-crate-000049,254
supply-chain-trust-example-crate-000050,174
supply-chain-trust-example-crate-000051,175
supply-chain-trust-example-crate-000052,252
supply-chain-trust-example-crate-000053,174
supply-chain-trust-example-crate-000054,177
supply-chain-trust-example-crate-000055,178
supply-chain-trust-example-crate-000056,103
supply-chain-trust-example-crate-000057,103
supply-chain-trust-example-crate-000058,173
supply-chain-trust-example-crate-000059,103
supply-chain-trust-example-crate-000060,107
supply-chain-trust-example-crate-000061,174
supply-chain-trust-example-crate-000062,173
supply-chain-trust-example-crate-000063,104
supply-chain-trust-example-crate-000064,178
supply-chain-trust-example-crate-000065,102
supply-chain-trust-example-crate-000066,172
supply-chain-trust-example-crate-000067,104
supply-chain-trust-example-crate-000068,175
supply-chain-trust-example-crate-000069,169
supply-chain-trust-example-crate-000070,172
supply-chain-trust-example-crate-000071,170
supply-chain-trust-example-crate-000072,160
supply-chain-trust-example-crate-000073,102
supply-chain-trust-example-crate-000074,170
supply-chain-trust-example-crate-000075,103
supply-chain-trust-example-crate-000076,178
supply-chain-trust-example-crate-000077,174
supply-chain-trust-example-crate-000078,174
supply-chain-trust-example-crate-000079,192
supply-chain-trust-example-crate-000080,176
supply-chain-trust-example-crate-000081,174
supply-chain-trust-example-crate-000082,119
supply-chain-trust-example-crate-000083,179
supply-chain-trust-example-crate-000084,104
supply-chain-trust-example-crate-000085,174
supply-chain-trust-example-crate-000086,102
supply-chain-trust-example-crate-000087,105
supply-chain-trust-example-crate-000088,98
supply-chain-trust-example-crate-000089,172
supply-chain-trust-example-crate-000090,174
supply-chain-trust-example-crate-000091,105
supply-chain-trust-example-crate-000092,174
supply-chain-trust-example-crate-000093,182
supply-chain-trust-example-crate-000094,173
supply-chain-trust-example-crate-000095,189
supply-chain-trust-example-crate-000096,101
supply-chain-trust-example-crate-000097,171
supply-chain-trust-example-crate-000098,171
supply-chain-trust-example-crate-000099,357
supply-chain-trust-example-crate-000100,101
