crate-version,time_seconds,return_code
nanokit-0.2.0,1.14,0
nanoid-dictionary-0.4.3,1.16,0
nanohtml2text-0.2.1,1.17,0
nanohttp-0.2.1,1.17,0
nanoimage-0.1.3,1.18,0
nanoid-wasm-0.1.3,1.19,0
nanoir-0.100.0,1.18,0
nanoly-0.1.0,0.86,0
nanoid-0.4.0,2.02,0
nanomsg-sys-0.7.2,0.91,0
nanomsg-0.7.2,0.98,0
nanom-derive-0.1.2,1.52,0
nanopre-0.1.2,0.83,0
pic32-config-sector-0.3.0,0.77,0
nanoid_cli-1.0.0,3.99,0
pic32mx2xx-0.7.0,0.78,0
pic32mx470-0.1.0,0.72,0
pic32mx567-0.1.0,0.84,0
pic32-hal-0.13.0,2.46,0
nanopass-0.1.8,4.36,0
pic8259-0.11.0,1.05,0
pic8259_simple-0.2.0,0.79,0
pic8259_x86-0.1.0,0.89,0
nanom-0.1.6,5.17,0
pic2lcd-0.1.0,4.51,0
picam-0.0.0,0.78,1
nanopow-rs-0.3.3,5.60,0
picard-0.0.1,1.71,0
picard-core-0.0.1,1.43,0
picat-0.1.0,1.67,0
pic2txt-1.0.0,7.03,0
crate-pro-0.1.0,0.78,0
crate-publish-test-0.1.1,0.73,0
crate-publish-test-foo-0.1.0,0.73,0
crate-published-0.1.0,0.80,0
piccolo-0.3.3,5.82,0
crate-root-0.1.3,0.80,0
piccolo-util-0.3.3,6.82,0
crate-sample-pdaj-0.1.0,0.77,0
crate-starter-1.1.0,2.15,0
picasso-core-0.1.0,11.64,0
crate-template-0.0.1,0.73,0
crate-test-bolt-0.1.0,0.71,0
crate-test-20220118-0.2.0,0.78,0
crate-test-xxx-0.1.13,0.77,0
crate-settings-0.0.7,6.82,0
crate-version-experiment-0.3.5,0.73,0
crate-web-0.1.1,2.21,0
pica-0.1.7,23.27,0
lmdb-rs-0.7.6,1.05,0
lmdb-rs-m-0.7.8,0.99,0
lmdb-sys-0.8.0,0.89,0
lmdb-sys2-0.11.2,0.79,0
lmdb-zero-0.4.4,0.93,0
pican-0.1.0,27.78,0
lmfu-1.3.1,1.00,0
lminc-2.0.1,0.80,0
lmgpt-0.1.5,10.32,0
lmk-0.2.0,9.76,0
lml-0.1.0,0.80,0
crate-race-1.1.2,96.63,0
lmml-0.6.0,63.69,0
lmnkjgkj-std-backtrace-anyhow-0.0.0,0.71,1
nanoleaf-0.1.1,124.77,0
lmntalc-0.12.0,7.13,0
lmml-cli-0.6.0,91.54,0
lms-0.4.0,33.13,0
lms-signature-0.0.1,5.06,0
lmql-0.3.0,44.11,0
photon-http-0.0.0,0.72,1
lms_lib-0.4.0,6.15,0
lmml-parser-0.6.0,77.48,0
photon_decode-0.2.1,0.73,0
photon_garden_obsidian-0.1.0,4.18,0
crate2bib-0.3.2,173.63,0
photondb-engine-0.0.1,3.57,0
crate-version-0.1.0,188.76,0
photon-rs-0.3.2,47.68,0
photondb-0.0.4,41.98,0
photonic-0.1.0,24.88,0
photonic-dynamic-0.1.0,37.91,0
photondb-tools-0.0.4,74.96,0
nanopub-0.1.4,275.69,0
photonic-effects-0.1.0,32.53,0
photonic-interface-cli-0.1.0,29.11,0
photonic-interface-grpc-proto-0.1.0,26.58,0
photonic-interface-grpc-0.1.0,60.13,0
lmntal-language-server-0.1.1,238.89,0
photonic-audio-0.1.0,122.81,0
photonic-interface-restore-0.1.0,33.22,0
yew-struct-component-macro-0.1.4,1.02,0
photonic-interface-mqtt-0.1.0,40.96,0
photonic-lua-0.1.0,47.34,0
yew-style-in-rs-core-0.4.1,0.81,0
yew-style-in-rs-macro-0.4.1,4.58,0
yew-struct-component-0.1.4,75.41,0
yew-style-0.1.4,75.11,0
yew-template-0.10.0,20.82,0
photonic-interface-grpc-client-0.1.0,158.94,0
yew-style-in-rs-0.4.1,98.46,0
yew-unocss-transformer-0.0.0,0.73,1
yew-table-0.1.2,79.98,0
photonic-dynamic-runner-0.1.0,284.12,0
yew-tincture-0.2.2,75.85,0
yew-transition-group-0.0.1,79.38,0
yew-ui-0.1.0,73.86,0
yew-utils-0.3.0,75.46,0
yew-vdom-gen-0.1.0,76.83,0
yew-virtual-scroller-0.1.0,84.60,0
yew-virtualized-0.2.0,79.91,0
picahq-0.1.1,600.02,
xrpl_api-0.16.7,4.11,0
crate-redeem-in-kind-0.6.0,600.01,
crate-token-0.6.0,600.03,
xrpl_binary_codec-0.16.7,17.83,0
yew_assets-0.1.2,74.85,0
yew-webtransport-0.21.1,89.64,0
xrpl_types-0.16.7,3.39,0
xrt-0.3.0,0.73,0
xrs-0.0.1,1.50,0
yew-websocket-1.21.0,101.60,0
xrunits-0.1.2,0.79,0
xrust-1.2.4,25.80,0
xs-0.0.0,0.66,1
xs-api-0.1.0,0.73,0
yew_audio-0.1.2,105.98,0
xs-lib-0.4.0,6.25,0
xs233-0.3.0,2.87,0
xs233-sys-0.2.0,0.72,0
xrpl_sdk_ws-0.12.0,78.57,0
xrpl_ws_client-0.16.7,76.54,0
upstream-0.1.0,44.68,0
upsun-0.1.0,0.69,0
upt-0.9.0,5.33,0
upt-please-0.0.0,0.71,1
photon-indexer-0.50.0,600.01,
uptest-0.1.4,53.50,0
uptic-0.1.0,0.74,0
uptime-0.0.1,1.10,0
xrpl_http_client-0.16.7,197.19,0
xrpl_sdk_jsonrpc-0.12.0,195.37,0
uptime_lib-0.3.1,4.84,0
uptimer-0.2.1,3.57,0
uptime_kuma_pusher-0.3.0,20.88,0
upto-0.1.5,0.77,0
uptown_funk-0.1.3,1.18,0
uptown_funk_macro-0.1.2,1.00,0
uptest-cli-0.1.4,53.00,0
uptu_libs-0.1.0,0.72,0
sc-service-test-0.0.0,0.78,0
xrun-0.12.0,211.53,0
xrtsp-0.3.0,253.40,0
xrpl_cli-0.16.7,282.60,0
uptrace-0.19.0,132.69,0
uption-0.6.6,248.90,0
sc-state-db-0.37.0,227.54,0
uptime_kuma_client-0.1.10,299.86,0
sc-tracing-proc-macro-11.0.0,2.09,0
sc-storage-monitor-0.23.0,275.67,0
upstream-ontologist-0.2.2,467.28,0
upstream-module-0.2.0,484.49,0
xs-channel-0.3.7,600.01,
sc16is752-0.1.1,0.79,0
sc2-macro-1.0.0,1.59,0
sc2-proc-macro-1.0.0,1.30,0
sc2-proto-0.2.3,2.09,0
sc-utils-18.0.0,198.15,0
bellande_rust_import-0.0.1,0.94,0
sc2-proxy-0.1.0,148.99,0
bellandeos_file_system_test-0.0.1,9.68,0
sc-simnode-16.0.0,600.01,
bellare-micali-0.1.2,12.35,0
bellemere-0.1.0,0.77,0
bellframe-0.13.2,2.35,0
sc-statement-store-20.0.0,600.01,
bellboy-0.2.0,89.48,0
bellande_step-0.1.0,141.10,0
sc-sync-state-rpc-0.48.0,600.03,
sc-sysinfo-41.0.0,600.02,
sc-tracing-38.0.0,600.01,
bellhop-client-0.2.1,110.50,0
sc-transaction-graph-3.0.0,600.02,
bellman-0.14.0,3.22,0
bellman-keccak256-0.1.0,3.95,0
bellissimo_auth0-0.0.4,24.64,0
bellos-0.0.4,7.62,0
bellman_ce-0.8.0,15.04,0
diskinfo-0.1.0,0.73,0
diskio-0.1.2,0.77,0
bellpepper-0.4.1,4.25,0
diskit-0.1.4,3.38,0
diskmap-0.2.0,3.40,0
disko-0.0.0,0.68,1
bellhop-cli-0.2.1,200.50,0
disklru-0.3.3,18.25,0
diskotech-0.0.5,13.30,0
diskplan-0.1.0,15.75,0
diskplan-filesystem-0.1.0,2.03,0
diskplan-config-0.1.0,7.43,0
diskplan-schema-0.1.0,1.26,0
diskonaut-0.11.0,36.54,0
disks-0.1.0,0.76,0
diskplan-traversal-0.1.0,10.82,0
diskqueue-0.1.0,14.44,0
sc-transaction-pool-38.1.0,600.02,
sc-transaction-pool-api-38.1.0,600.02,
diskspace_insight-0.1.94,18.51,0
diskscan-0.3.0,26.74,0
rscontainer-0.1.0,0.73,0
rscope-0.0.1,0.77,0
diskspace-0.5.0,24.62,0
rscp-0.1.7,1.40,0
rscript-0.17.0,4.40,0
rscripter-0.1.1,0.77,0
rscpi-0.1.0,10.27,0
rscribe-0.1.1,9.82,0
rscs-0.0.0,0.77,0
rscrypt-0.2.1,6.03,0
rscx-macros-0.1.14,4.14,0
disktest-lib-1.2.0,30.90,0
rscx-web-macros-0.3.0,1.07,0
disktest-1.16.0,36.06,0
rsd-0.1.0,2.04,0
rsdb-0.12.1,3.43,0
rsdate-0.5.0,12.08,0
rscx-0.1.14,26.74,0
rsdbc-core-0.0.1,21.28,0
rscx-mdx-0.1.7,90.24,0
gwasm-dispatcher-0.1.0,1.91,0
gwasm-instrument-0.3.0,0.76,0
gwasmi-0.30.0,1.94,0
gwasmi_core-0.12.0,0.98,0
bellhop-0.2.1,499.48,0
gwdiff-1.0.0,11.87,0
gweather-sys-4.5.0,3.10,0
gwd-backend-firefox-0.1.5,65.32,0
rsdbc-mysql-0.0.1,152.37,0
gwmp-mux-0.11.0,34.93,1
gwordle-0.1.2,1.40,0
gworld-0.1.0,2.33,0
bellhop-auth-dummy-0.2.1,571.11,0
bellhop-auth-header-0.2.1,568.91,0
gwasm-api-0.3.0,296.60,0
gx-0.1.0,0.78,1
gx21m15-0.1.1,1.71,0
gxccd-0.1.1,0.89,0
gxci-0.3.7,2.92,0
pkg-macros-3.0.0,1.02,0
pkg-types-0.1.0,1.94,0
rscv-0.0.2,362.20,0
pkg-version-1.0.0,0.78,0
pkg-version-impl-0.1.1,0.80,0
pkg-utils-0.1.0,17.13,0
pkg-version-parser-0.1.1,4.51,0
pkg1-0.0.0,0.77,1
gwyh-0.1.0,67.80,0
pkg2-0.0.0,0.80,1
pkg_impl-2.0.0,0.79,0
pkg_compile_time-0.1.3,1.35,0
pkg_manager-0.1.1,1.09,0
pkgar-core-0.1.15,13.82,0
gwy15-common-0.1.0,136.70,0
pkgar-repo-0.1.15,0.76,0
gwv-0.3.2,188.43,0
pkgbuild-0.0.0,0.70,1
pkgar-0.1.15,68.03,0
plotapi-0.1.1,2.42,0
plotcap-0.1.3,2.85,0
pkgar-keys-0.1.15,59.02,0
ploteria-0.1.0,1.02,0
plotfx-0.1.0,0.73,0
plotka-0.0.0,0.79,1
plotchart-0.2.12,4.93,0
plotlib-0.5.1,0.77,0
plot_interface-0.1.3,46.55,0
plotly-0.12.1,16.82,0
plotly_derive-0.12.1,2.03,0
plotly_kaleido-0.12.1,2.54,0
plotly-fork-0.8.4,16.49,0
plotly_orca-0.0.0,0.71,1
plotpy-1.13.0,0.77,0
plotpoint-0.1.8,3.97,0
bellhop-demo-0.2.1,600.02,
oldwin-vc-ltl5-0.1.1,0.80,0
bellhop-hook-jenkins-0.2.1,600.01,
oldwin-yy-thunks-0.1.1,0.77,0
ole-0.1.15,0.79,0
ole32-sys-0.2.0,0.88,0
oleaut32-sys-0.2.0,0.84,0
oled-0.0.0,1.18,0
olekit-1.0.2,2.05,0
olha-0.0.0,0.72,0
plotsweep-0.1.0,14.01,0
pkgbob-0.0.6,90.92,0
olibs724-service-0.0.0,0.73,1
oled_shmoled-0.2.1,14.84,0
gwipt-0.5.0,326.45,0
olin-0.3.0,2.76,0
olinker-0.1.0,0.79,0
olio-1.4.0,0.88,0
olis_string-0.1.3,0.74,0
olivarius-art-0.0.0,0.71,1
self-rust-tokenize-0.4.0,1.26,0
olimex-stm32-p107-0.1.0,8.76,0
self-rust-tokenize-derive-0.4.1,1.19,0
self_cell-1.1.0,0.78,0
oliframe-0.3.0,21.80,0
self-signed-cert-1.0.3,10.85,0
rsdbc-0.0.1,526.42,0
self_encryption-0.31.0,59.92,0
plotrs-0.1.3,93.33,0
selfe-arc-0.1.1,0.76,0
selfe-config-0.2.1,1.86,0
selfe-runtime-0.1.1,0.79,0
selfe-start-0.1.0,0.77,0
selfe-sys-0.1.1,0.70,0
selfie-0.0.3,0.82,0
pkg6dev-0.1.1,204.57,0
selfref-0.4.3,0.75,0
selfish-0.1.0,7.88,0
selfsimilar-0.1.0,1.99,0
selfstack-0.3.0,1.01,0
ucd-data-0.1.0,0.67,0
ucd-generate-0.3.1,1.38,0
ucd-parse-0.1.13,0.72,0
ucd-raw-0.5.0,0.78,0
ucd-trie-0.1.7,0.74,0
ucd-util-0.2.2,0.78,0
plotlars-0.8.1,205.95,0
ucf-0.1.5,16.41,0
ucfirst-0.3.0,0.76,0
selfserv-daemon-0.2.0,136.83,0
uchan-0.1.4,0.80,0
uchardet-2.0.4,0.93,0
uchardet-sys-2.0.3,0.80,0
uchimizu-0.0.1,0.78,0
self_update-0.42.0,172.33,0
uchr-0.0.2,0.80,0
uchrono-0.1.1,0.79,0
ucg-0.7.2,46.18,0
uchu-0.1.0,1.12,0
uci-0.2.3,0.96,0
uci_rs-0.1.2,0.88,0
uci-parser-1.1.0,1.58,0
eoe-0.2.0,1.09,0
eoflint-0.2.0,4.58,0
eol-0.1.1,1.02,0
self_update_danger_no_ssl_verify-0.38.0,164.50,0
eolib-2.1.1,3.55,0
eon-0.0.0,0.72,1
eon-rs-1.0.0,0.77,0
eonil_apple_oslog-0.1.2,0.75,0
ucelofka-0.3.0,150.13,0
eopl-0.0.0,0.70,1
eopsin-0.0.0,0.76,1
eom-0.11.0,16.11,0
eos-0.0.0,0.78,0
eos-eapi-0.2.0,7.26,0
eos-s3-0.1.0,2.32,0
eos-tz-0.0.0,0.79,0
eos-tzdata-0.0.0,0.75,0
veruna-data-0.0.0,0.67,1
veruna-kernel-0.0.0,0.72,1
verus-0.0.0,0.76,0
oli-0.41.17,276.65,0
verust-0.2.4,0.92,0
verver-0.0.1,0.81,0
gweiyser-0.1.4,600.02,
very-bad-error-propagation-0.1.1,0.77,0
vervolg-0.1.0,6.17,0
very_basic_crate-0.2.0,0.74,0
very_primitive_tables-0.1.3,0.77,0
very_simple_2d-1.0.0,0.83,0
very_simple_2d_core-0.6.0,1.23,0
very-trash-cli-0.1.0,6.28,0
very_simple_trie-0.1.3,0.76,0
veryfast-0.3.1,0.69,1
migrations_internals-2.2.0,1.86,0
self_sdk-0.1.0,260.31,0
migrations_macros-2.2.0,2.25,0
eorst-0.2.0,43.28,0
verusfmt-0.5.3,26.47,0
mih-rs-0.3.1,0.92,0
self_service-0.0.0,281.15,0
miho_derive-5.2.0,1.07,0
mii-0.1.1,0.76,0
miio-proto-0.1.5,19.71,0
eodhistoricaldata_api-0.4.0,131.95,0
mijia-0.7.1,36.12,0
mijit-0.2.4,1.80,0
mik32-rt-0.1.0,2.33,0
mik32-rt-macros-0.5.0,1.17,0
mik32v2-pac-0.0.1,1.27,0
migratour-0.1.1,92.85,0
mikado-0.1.0,0.76,0
migres-0.0.1,89.26,0
mikasa-utils-0.1.0,1.02,0
mika-0.0.0,20.27,0
veryfi-1.0.0,114.79,0
iap-jwt-0.2.0,21.20,0
iapp_doc_test-0.0.0,0.69,1
iaq-core-0.1.0,0.82,0
iarapi-rs-0.1.1,2.22,0
iargs-0.1.0,0.75,0
iars-0.1.0,2.35,0
oli-tui-0.1.0,434.22,0
iasc-0.1.0,1.01,0
ias-0.2.1,28.93,0
iascar-0.2.1,6.45,0
eodhd_rs-0.2.0,214.88,0
iastconvert-0.1.2,2.15,0
iasthk-1.0.1,1.14,0
iat-0.1.2,1.00,0
iata-types-0.1.4,1.24,0
iata_bcbp-1.0.0,0.94,0
mikan-rs-0.1.4,72.90,0
iapi-0.1.0,64.96,0
iay-0.4.3,57.73,0
ib-3.0.0,65.73,0
eons-0.1.0,278.69,0
miho-7.0.0,350.61,0
iapiab-0.1.0,325.72,0
bevy_leat-0.0.0,0.79,0
bevy_level-0.0.1,0.72,0
mijia-homie-0.2.7,407.75,0
bevy_library-0.0.1,0.69,0
bevy_kwai_interactive_live-0.1.2,320.92,0
bevy_lazy_prefabs-0.2.1,318.93,0
bevy_ldtk-0.5.0,312.16,0
bevy_lighting-0.0.1,0.73,0
bevy_lightspeed2d-0.1.0,0.78,0
bevy_lightspeed3d-0.1.0,0.77,0
bevy_lightspeed4d-0.1.0,0.70,0
migrator-0.1.0,600.01,
dangerous_option-0.2.0,0.73,0
bevy_lightyear-0.1.0,52.22,0
dango-0.1.1,6.98,0
bevy_landmass-0.8.0,398.42,0
dango-music-player-0.0.0,0.77,0
dango-tui-0.0.0,0.76,0
daniel_crate-0.1.1,0.79,0
danielfns-0.1.0,0.85,0
danielq_art-0.0.0,0.71,1
daniels_basic_math-0.1.1,0.77,0
bevy_koto-0.2.0,474.01,0
bevy_la_mesa-0.15.4,477.19,0
dankboi-0.1.2,91.20,0
dangit-0.1.0,116.82,0
dano-0.9.1,22.12,0
bevy_libgdx_atlas-0.3.2,295.83,0
dante-control-rs-0.8.2,10.77,0
danu-0.0.0,0.82,0
dante-cli-0.8.3,24.68,0
bevy_light_2d-0.5.0,277.63,0
deallocate-zeroed-0.2.0,0.78,0
deam-0.0.0,0.71,0
dean_minigrep-0.1.1,0.75,0
bevy_life-0.11.0,284.42,0
dear-0.1.1,1.18,0
dearbitrary-1.0.4,0.73,0
dearbitrary_derive-1.0.1,0.91,0
danube-core-0.3.4,28.60,0
deasync-0.1.0,1.00,0
death-0.1.0,0.77,0
danube-client-0.3.4,49.61,0
death_god_logging_tool-4.1.3,13.91,0
deary-0.0.1,42.61,0
deb-0.5.18,2.04,0
deb-architectures-0.1.0,0.70,0
deb-control-0.0.0,0.70,1
deb-libsolv-resolver-0.0.0,0.78,1
deb-rs-0.1.2,1.45,0
danmu2ass-0.2.1,196.53,0
deb-version-0.1.1,0.72,0
deb-rust-0.1.2,11.45,0
rust_caching-0.0.0,0.70,1
rust_cards-0.1.2,2.15,0
rust_cargo_test-0.1.1,0.78,0
rust_calendar_parser-0.1.1,4.93,0
rust_cascade-1.5.0,5.75,0
rust_cfg_parser-0.1.0,0.85,0
rust_chacha20-0.3.0,0.73,0
danmuji-0.1.0,204.94,0
rust_class-0.1.0,0.79,0
rust_ci-0.1.0,13.55,0
rust_cast-0.19.0,20.97,0
rust_clear-0.1.0,10.71,0
rust_closure-0.1.0,0.76,0
rust_clue_solver_2-0.1.2,0.82,0
rust_cn-0.1.6,0.77,0
rust_code_organization-0.0.0,0.82,1
rust_code_visualizer-0.1.2,1.77,0
rust_cli-0.1.0,12.99,0
rust_combinatorics-0.1.0,0.75,0
nenya-sentinel-0.0.1,0.78,0
dantalian-0.4.6,163.75,0
neo-babylon-0.2.0,5.91,0
neo-crypto-0.1.3,5.48,0
bevy_ldtk_asset-0.6.4,600.03,
neo-mime-0.1.1,0.89,0
neo-mime-macro-0.1.1,1.18,0
neo-mime-parse-0.1.0,0.73,0
deathrip-0.2.1,167.89,0
rust_client-0.2.3,124.05,0
dango-core-0.1.1,386.38,0
deanonro-0.1.0,230.77,0
rust_coinlive-0.1.0,154.35,0
neo4j_cypher-0.2.2,0.78,0
neo4j-0.2.0,53.02,0
neo4rs-macros-0.3.0,1.02,0
neo-web3-0.1.0,82.45,0
neo-0.3.3,184.79,0
neo_trinkey-0.2.1,24.04,0
neo-email-0.1.1,197.57,0
solana-system-instruction-0.0.1,0.72,0
neobirth-0.1.1,39.63,0
neo-sync-0.0.8,139.06,0
solana-system-interface-1.0.0,40.51,0
bevy_light_field-0.8.0,600.02,
solana-sys-tuner-1.14.29,119.17,0
neo4j-cli-0.1.0,187.31,0
solana-sysvar-id-2.2.1,44.35,0
neo4j_testcontainers-0.3.0,190.85,0
solana-system-transaction-2.2.1,130.07,0
solana-sysvar-2.2.1,136.20,0
solana-time-utils-2.2.1,0.83,0
solana-timings-2.2.3,42.36,0
deathframe-0.5.1,600.01,
solana-test-0.1.0,225.90,0
solana-token-program-0.0.0,0.74,1
solana-tls-utils-2.2.3,155.47,0
solana-test-validator-2.2.3,264.44,1
moonramp-core-0.1.22,0.84,0
moonramp-encryption-0.1.22,0.91,0
moonramp-entity-0.1.22,0.83,0
moonramp-gateway-0.1.22,4.28,0
moonramp-http-0.1.22,0.99,0
moonramp-lunar-0.1.22,3.71,0
moonramp-lunar-core-0.1.22,1.86,0
moonramp-lunar-macro-0.1.22,0.92,0
moonramp-migration-0.1.22,64.86,0
moonramp-program-0.1.22,4.98,0
neo3-0.1.9,600.02,
solana-system-client-0.0.1,506.80,0
moonramp-rpc-0.1.22,0.83,0
moonramp-registry-0.1.22,0.86,0
moonramp-sale-0.1.22,4.27,0
moonramp-wallet-0.1.22,0.82,0
solana-system-program-2.2.3,600.02,
moonramp-wallet-rpc-0.1.22,161.39,0
moonshine-0.0.0,0.74,0
moonramp-program-rpc-0.1.22,194.19,0
crudcrate-derive-0.1.4,0.97,0
crude-0.0.1,1.01,0
crude-profiler-0.1.7,0.78,0
crude_cache-0.1.1,5.69,0
crudite-0.1.0,2.51,0
crudkit-0.0.0,0.77,0
crudx-1.1.0,1.21,0
cruet-0.15.0,1.06,0
crufst-0.1.0,0.79,0
moonramp-sale-rpc-0.1.22,193.96,0
cruiser_derive-0.2.0,9.64,0
solana-test-client-0.1.0,600.02,
solana-test-utils-0.1.19,600.01,
crum-0.3.0,2.67,0
crumb-0.2.1,0.91,0
crumble-0.10.2,1.34,0
crumbles-0.3.0,0.86,0
crumsort-0.1.0,1.36,0
crunch-0.5.3,0.79,0
crumble_ci-0.1.0,5.13,0
moonsdk-1.0.1,115.70,0
crulz-0.0.7,28.67,0
nuage-0.1.0,0.80,0
solana-thin-client-2.2.3,600.01,
nub-0.0.0,0.77,1
nuban-1.1.0,0.81,0
nuban_rust-0.1.1,0.82,0
nube-0.0.1,2.77,0
nubls-0.1.0,3.56,0
nuc1xx-0.1.2,2.14,0
nucgen-0.1.2,12.98,0
crudcrate-0.2.4,130.28,0
nuclear-router-0.1.0,1.43,0
nuclear-0.0.10,30.27,0
nuclei-attributes-0.1.0,0.95,0
nucleic-0.0.1,0.91,0
nucleic-acid-0.1.1,1.12,0
nucleic-acids-0.1.0,1.04,0
nucleide-0.1.0,2.10,0
disarray-core-0.1.20,18.08,0
disarray-derive-0.1.13,1.38,0
nuclei-0.4.4,56.63,0
disarray-macros-0.1.13,1.51,0
disarray-ledger-0.1.20,56.08,0
solana-token-api-0.19.1,600.05,
disas-0.1.3,2.38,0
disasm-0.5.1,1.00,0
solana-tokens-2.2.3,600.01,
disasm-core-0.5.1,0.99,0
disasm-e2k-0.5.2,1.03,0
disasm-gen-0.5.1,1.56,0
disasm-riscv-0.5.1,0.91,0
disasm-test-0.5.1,1.15,0
disasm-x86-0.5.1,0.93,0
disasm6502-0.2.2,0.88,0
disasm_x64-0.1.1,1.09,0
disassemble-0.0.1,0.98,0
disc-0.1.0,4.00,0
disc-derive-0.1.0,3.22,0
arduino_mkrzero-0.12.2,46.72,0
solana-tps-client-2.2.3,600.01,
arduino_nano33iot-0.7.2,49.83,0
arduinors-0.1.1,2.64,0
are-0.0.2,0.81,0
are_we_touching-0.2.8,0.84,0
area-db-0.0.0,0.65,1
area_crate-0.1.1,0.77,0
area_func-0.1.1,0.75,0
area_function-0.1.0,0.76,0
areaportal2d-0.1.1,1.48,0
disc-bot-0.1.0,172.97,0
aredis-0.0.4,16.23,0
areion-0.1.0,0.76,0
arel-0.3.8,70.53,0
arel-macros-0.3.8,1.34,0
arecibo-0.1.1,150.56,0
arel_macro-0.0.9,1.14,0
aren_alloc-0.3.0,0.71,0
arena-alloc-0.1.2,0.76,0
arelith_combat_simulator-1.5.1,2.96,0
disarray-runtime-0.1.20,304.04,0
air-execution-info-collector-0.7.14,17.20,0
air-interpreter-cid-0.9.0,21.42,0
air-interpreter-sede-0.1.0,3.29,0
air-interpreter-interface-0.19.0,8.88,0
air-interpreter-value-0.1.0,2.03,0
air-interpreter-wasm-0.64.1,1.57,0
air-interpreter-wasm_branch_release-0.0.0,0.76,0
air-interpreter-wasm_ci_fix_version_increment-0.0.1,0.81,0
air-interpreter-wasm_crate_release-0.0.18,0.80,0
air-interpreter-wasm_fix-0.0.0,0.76,0
air-interpreter-wasm_fold_iterable-0.0.9,0.76,0
air-interpreter-wasm_get_rid_current_peer_id-0.0.4,0.79,0
air-interpreter-wasm_jvalue_flatten-0.0.5,0.77,0
air-interpreter-wasm_logger-i32-0.0.5,0.78,0
air-interpreter-wasm_new_it_types-0.0.3,0.80,0
air-interpreter-wasm_new_stepper_outcome-0.0.13,0.76,0
air-interpreter-wasm_prerelease-0.0.1,0.77,0
air-interpreter-wasm_security_tetraplets_reborn-0.0.18,0.78,0
disarray-network-0.1.20,393.33,0
nu_plugin_x509-0.1.1,565.20,0
cruiser-0.2.0,600.02,
nu_plugin_ws-0.3.0,600.02,
nu_plugin_xpath-0.44.0,593.37,0
air-interpreter-signatures-0.1.7,119.70,0
nuance-0.3.2,600.03,
aws-sdk-arczonalshift-1.63.0,124.75,0
aws-sdk-artifact-1.52.0,127.73,0
aws-sdk-athena-1.66.0,127.13,0
aws-sdk-auditmanager-1.63.0,127.25,0
aws-sdk-autoscalingplans-1.62.0,124.28,0
aws-sdk-autoscaling-1.70.0,143.89,0
aws-sdk-b2bi-1.67.0,124.19,0
aws-sdk-backup-1.66.0,125.68,0
aws-sdk-backupgateway-1.62.0,120.59,0
aws-sdk-backupsearch-1.11.0,120.69,0
aws-sdk-backupstorage-1.30.0,112.27,0
aws-sdk-batch-1.72.0,115.95,0
air-interpreter-data-0.17.2,363.67,0
aws-sdk-bcmdataexports-1.60.0,116.54,0
aws-sdk-bcmpricingcalculator-1.15.0,112.63,0
aws-sdk-bedrock-1.79.0,113.85,0
aws-sdk-bedrockagent-1.86.0,112.99,0
arduino_nano_connect-0.7.0,600.01,
aws-sdk-bedrockagentruntime-1.85.0,120.83,0
aws-sdk-bedrockdataautomation-1.13.0,118.79,0
aws-sdk-bedrockdataautomationruntime-1.13.0,123.17,0
mdbook-tex-0.0.0,0.76,0
aws-sdk-bedrockruntime-1.77.0,126.73,0
mdbook-to-example-0.1.0,0.81,0
mdbook-tag-0.0.2,101.95,0
mdbook-to-github-wiki-0.1.2,3.19,0
mdbook-tagger-0.2.0,102.77,0
mdbook-tools-0.1.1,0.97,0
mdbook-tailor-0.8.2,105.99,0
mdbook-templates-0.1.0,103.30,0
mdbook-tailwindcss-0.1.1,116.25,0
theater-0.1.1,0.79,0
mdbook-transcheck-0.2.8,22.85,0
theatre-0.1.8,16.02,0
mdbook-theme-0.1.6,98.29,0
theban_db-0.7.0,7.69,0
mdbook-tera-0.5.1,156.95,0
mdbook-toc-0.14.2,97.76,0
theban_db_interface-0.2.0,14.61,0
theban_db_server-0.3.6,12.33,0
mdbook-tocjs-0.1.4,98.86,0
theban_interval_tree-0.7.1,4.38,0
theclicker-0.2.1,2.33,0
mdbook-trace-0.1.1,100.52,0
mdbook-tera-backend-0.0.1,157.18,0
theforce-0.1.0,3.64,0
thefunland-0.1.0,0.75,0
thefunlib-0.1.0,0.75,0
theban_pass-0.2.0,17.57,0
thegraph-0.0.0,0.76,0
thebakery-0.1.51,92.29,0
naoki_test_publish-0.2.4,0.88,0
theca-1.0.0,37.63,0
nap-0.0.5,1.32,0
theattyr-0.1.10,110.08,0
naom-1.4.0,49.96,0
mdbook-tabs-0.2.1,315.93,0
naphtha-0.5.0,7.77,0
naphtha-proc-macro-0.5.0,0.92,0
napi-build-2.1.5,0.78,0
napi-build-ohos-1.0.4,0.73,0
napi-calm-down-2.16.13,7.52,0
napi-derive-backend-ohos-1.0.4,1.43,0
napi-derive-ohos-1.0.4,1.66,0
napi-h-2.16.1,7.58,0
napi-ohos-1.0.4,3.26,0
thecocktaildb-rs-0.1.0,151.29,0
napi-rs-0.0.0,0.82,1
drs-0x01-0.3.0,0.90,0
drsh4dow_testing_mini_crate_that_do_nothing-0.1.2,0.93,0
drt-chain-scenario-format-0.0.3,7.57,0
drt-chain-vm-0.0.3,10.69,0
drt-chain-vm-executor-0.0.2,0.78,0
drt-price-aggregator-sc-0.0.3,11.64,0
theframework-0.1.33,179.49,0
drt-sc-0.0.3,3.88,0
drt-sc-codec-0.0.3,0.88,0
drt-sc-codec-derive-0.0.3,1.12,0
drt-sc-derive-0.0.3,1.73,0
thegraph-client-subgraphs-0.1.6,200.06,0
drt-sc-modules-0.0.3,4.56,0
napchart-0.3.1,137.77,0
drt-sc-meta-lib-0.0.3,31.69,0
drt-sc-wasm-adapter-0.0.3,4.26,0
drt-sc-scenario-0.0.3,72.82,0
thegarii-0.0.9,283.21,0
drt-wrewa-swap-sc-0.0.3,5.22,0
napi-package-template-0.1.0,197.99,0
plain_path-0.1.0,10.85,0
plain_trie-7.2.4,0.80,0
plainjson-0.1.2,1.03,0
plaintalk-0.0.15,1.16,0
napa-0.6.2,361.04,0
plaixt-0.0.0,0.98,0
plaixt-core-0.0.0,0.88,0
plamo-0.3.0,0.77,0
thebook-0.3.0,412.14,0
drt-sdk-0.0.3,190.33,0
plan9_asm-0.4.3,0.77,0
plan9-0.1.1,10.49,0
plan9whack-0.1.0,0.73,0
planar-0.1.2,0.76,0
planc-0.0.0,0.75,0
planc-frontend-0.0.0,0.76,0
planc-common-0.0.0,0.92,0
planc-protocol-0.0.0,0.83,0
planck_ecs-1.2.1,1.52,0
planck_ecs_bundle-1.1.0,0.97,0
flexer-0.0.0,0.72,1
flexflow-0.1.0,0.81,0
flexflow-core-0.1.1,0.83,0
flexflow-server-0.1.1,0.77,0
plan-1.0.1,29.15,0
flexgrid-0.1.1,0.82,0
flexi-parse-0.10.0,1.22,0
flexgen-0.4.5,8.23,0
flexi_func-0.2.7,1.10,0
flexi_func_declarative-0.2.7,0.84,0
flexi_config-0.1.0,6.46,0
flexi_logger-0.29.8,1.98,0
flexi_logger_rotate_writer-0.0.0,2.48,0
planck_game_features-0.1.0,18.21,0
flexiber-0.1.3,1.59,0
flexiber_derive-0.1.3,1.21,0
plaintext-0.27.1,104.40,0
flexi_syslog-0.5.3,13.89,0
flexible-io-0.4.0,0.84,0
flexible-locks-0.1.0,1.69,0
flexible-locks_derive-0.1.0,0.95,0
geohash-rs-0.1.3,0.81,0
geohash-tools-0.1.3,0.93,0
geohash_gps-0.1.0,0.85,0
geohasher-0.1.4,0.78,0
geohashrust-0.0.2,0.73,0
geohashing-0.1.0,0.96,0
geoip-0.0.14,0.91,0
geoint-0.1.0,14.90,0
flexible-hyper-server-tls-0.6.0,32.53,0
mdbook-translation-0.1.1,600.02,
geoip-http-0.3.0,70.68,0
geoip-sys-0.0.14,0.92,0
geoip2-0.1.7,0.99,0
geoip2-city-0.1.0,0.70,0
geoip2-codegen-0.1.5,0.94,0
flexi_logger_datadog-0.1.3,152.67,0
drteeth-0.2.1,291.80,0
geojson-0.24.2,3.29,0
emscripten-functions-sys-5.0.401,0.75,0
emscripten-sys-0.3.2,0.75,0
emscripten-val-0.1.7,0.81,0
emscripten-val-sys-0.1.7,0.75,0
emscripten_main_loop-0.1.1,0.77,0
emsdk-0.1.1,0.76,0
drt-tools-0.2.28,328.23,0
geoipsed-0.1.3,30.66,0
emstr-0.2.0,0.76,0
emu-0.1.3,1.46,0
emu-audio-0.1.2,1.24,0
emu-audio-types-0.1.0,0.77,0
emseries-0.5.1,21.99,0
emu-core-audio-driver-0.1.3,1.06,0
emu-runner-0.1.1,0.81,0
napali-0.1.1,600.01,
drt-sc-snippets-0.0.3,437.26,0
emu6502-0.1.1,13.66,0
emu6809-0.1.2,16.03,0
emu_glsl-0.1.0,1.00,0
diatomic-waker-0.2.3,0.75,0
diazene-1.4.1,0.71,1
dib-0.1.0,1.27,0
emsend-0.1.0,65.24,0
dic-0.0.0,0.86,1
dic-server-0.0.0,0.71,1
dice-0.1.0,0.72,0
dice-bag-0.2.0,3.10,0
dice-command-parser-0.8.0,1.66,0
dice-me-0.1.1,3.47,0
dice-roll-0.1.1,0.76,0
dice-roller-0.1.3,4.70,0
dice_forge-0.3.0,2.24,0
geoiplocation-0.3.0,135.51,0
dicebag-0.2.1,4.17,0
emu-cli-0.4.3,99.69,0
diced-0.1.2,0.94,0
geoip-rs-0.6.1,205.77,0
diced-py-0.1.2,1.75,0
dicegen-0.1.0,2.34,0
agave-librapay-api-0.1.0,0.79,0
agave-loader-v4-program-0.1.0,0.78,0
agave-local-cluster-0.1.0,0.76,0
agave-logger-0.1.0,0.75,0
agave-lualoader-0.1.0,0.77,0
agave-measure-0.1.0,0.77,0
agave-memory-management-0.1.0,0.76,0
agave-merkle-tree-0.1.0,0.77,0
agave-metrics-0.1.0,0.76,0
agave-move-loader-api-0.1.0,0.78,0
agave-move-loader-program-0.1.0,0.75,0
agave-native-loader-0.1.0,0.76,0
agave-net-utils-0.1.0,0.74,0
agave-netutil-0.1.0,0.73,0
agave-nohash-hasher-0.1.0,0.76,0
agave-noop-0.1.0,0.79,0
agave-noop-program-0.1.0,0.74,0
agave-notifier-0.1.0,0.76,0
agave-ownable-0.1.0,0.75,0
agave-perf-0.1.0,0.76,0
dibi-0.1.2,81.65,0
solana-include-idl-0.1.0,0.75,0
solana-include-idl-cli-0.1.0,1.50,0
solana-idl-converter-0.2.0,4.73,0
solana-inflation-2.2.1,0.88,0
dicedb-rs-0.1.2,31.98,0
drt-sc-meta-0.0.3,600.01,
emu_core-0.1.1,140.10,0
solana-inline-spl-2.2.3,48.38,0
geoip-cli-0.1.0,339.46,0
solana-jonc-program-counter-0.0.0,0.70,1
solana-jonc-program-counter-cli-0.0.0,0.71,1
solana-jonc-program-counter-client-0.0.0,0.76,1
dicebear-0.1.3,148.31,0
solana-jsonrpc-core-0.0.0,0.73,1
solana-jsonrpc-http-server-0.0.0,0.72,1
solana-jsonrpc-macros-0.0.0,0.80,1
solana-jsonrpc-pubsub-0.0.0,0.77,1
solana-jsonrpc-server-utils-0.0.0,0.80,1
solana-jsonrpc-tcp-server-0.0.0,0.75,1
solana-instruction-2.2.1,48.56,0
rarathon-0.0.1,50.57,0
solana-instructions-sysvar-2.2.1,94.34,0
rare-0.1.0,0.82,0
rarena-0.4.0,5.96,0
rarena-allocator-0.6.0,4.80,0
rarg-0.1.0,0.74,0
rargs-0.3.0,7.31,0
rargsxd-0.2.6,0.76,0
rarity-0.3.0,20.81,0
rarrow-0.0.1,0.83,0
rart-macros-0.0.6,0.94,0
rart-rs-0.0.8,3.87,0
ras-0.1.0,0.77,0
geoip-api-0.7.1,486.71,0
rarbg_api-1.0.42,159.45,0
rasc-0.1.0,0.88,0
rascal-0.1.2,1.01,0
rascal-scheme-0.1.0,0.73,0
rascal_bytecode-0.1.2,0.73,0
irmaseal-curve-0.1.5,0.87,0
irmatch-0.2.0,0.75,0
irmin-0.3.3,2.17,0
iro-0.0.1,0.91,0
emu_driver-0.1.0,354.25,0
iro-cli-0.2.1,5.73,0
iroga-0.2.2,9.08,0
rarc-0.1.0,147.33,0
iroh-base-0.34.0,1.53,0
ras_service-0.2.0,157.99,0
iroh-blake3-1.4.5,1.15,0
ras_auth-0.1.0,297.67,0
dicecloud_sheet_printer-0.1.0,600.02,
iroh-car-0.5.1,27.45,0
solana-indexer-0.7.4,600.02,
solana-install-1.18.26,600.02,
solana-invoke-0.2.0,600.02,
solana-json-0.1.2,600.02,
iroh-bytes-0.15.0,220.32,0
betting-0.3.1,4.07,0
iroh-bitswap-0.2.0,461.21,0
between-0.1.0,1.06,0
between-us-1.0.0,0.84,0
beul-1.0.0,0.84,0
iroh-dns-server-0.34.0,156.25,1
bevier-1.1.1,6.96,0
bevis-0.1.1,1.49,0
bevis-derive-0.1.0,1.11,0
bevis-strobe-0.1.1,2.75,0
iroh-embed-0.2.0,130.41,1
bevm-0.1.1,44.05,0
betty-0.1.1,129.01,0
bevsn-0.1.0,1.08,0
iroh-0.34.0,600.02,
iroh-api-0.2.0,600.03,
bevy-add-events-macro-0.1.0,0.89,0
iroh-blobs-0.34.0,600.02,
bevior_tree-0.7.0,360.04,0
dalek-ff-group-mirror-0.4.1,7.64,0
dalek-rangeproofs-0.0.0,0.88,1
daleks-0.6.0,8.15,0
bevnet-0.1.0,357.92,0
bevoids-0.1.0,345.27,0
dali-0.3.0,5.58,0
dalia-1.2.0,0.83,0
iroh-cli-0.28.1,600.02,
dalloriam-cloud-protocol-0.3.1,1.31,0
dalvik-0.2.0,0.83,0
dam-0.1.3,12.23,0
daleth_lsp-0.1.1,53.36,1
damaya-0.1.0,0.77,0
damascus-0.0.9,7.96,0
bevy-aabb-instancing-0.11.0,346.10,0
daml-0.2.2,0.77,0
indexmap-nostd-0.4.0,0.75,0
indexmap-rmw-1.6.3,0.76,0
damians_custom_datetime_parser-0.2.5,4.69,0
bevy-aabb-instancing-011-0.9.2,337.35,0
iroh-docs-0.34.0,600.02,
indexrs-0.5.0,0.83,0
indexset-0.11.2,0.78,0
indexsort-0.2.0,0.70,0
indextree-4.7.3,0.77,0
indextree-macros-0.1.2,1.95,0
indextree-ng-1.0.5,0.74,0
indextreemap-0.1.25,1.33,0
indexvec-0.5.4,0.75,0
bevy-alt-ui-navigation-lite-0.3.1,352.45,0
indi-client-0.0.1,0.75,0
indexmenow-0.1.4,35.31,0
indi-rs-0.1.0,0.70,1
india-0.0.0,0.76,0
indicatif-0.17.11,16.02,0
indexnow-0.0.0,50.35,0
waynest-gen-0.0.25,5.13,0
waynest-macros-0.0.25,0.92,0
iroh-doctor-0.33.0,600.02,
waynetest-0.1.0,0.80,0
waynova-0.0.1,0.82,0
indicatif-log-bridge-0.2.3,19.45,0
wayout-1.1.3,19.29,0
wayrs-client-1.3.0,2.11,0
wayrs-core-1.0.4,0.82,0
wayrs-cursor-0.0.0,0.71,1
wayrs-egl-0.5.0,4.73,0
wayrs-proto-parser-3.0.1,0.90,0
bevy-animated-text-0.1.0,350.17,0
indi-5.0.1,125.50,0
dalloriam-cloud-client-0.3.1,236.08,0
dalfs-0.1.0,265.38,0
wayplover-0.1.2,174.77,0
indicate-0.2.1,521.79,0
dameng-helper-0.2.4,585.39,0
indexor-0.5.0,600.01,
waypwr-0.1.1,600.01,
