name,version
nanohtml2text,0.2.1
nanohttp,0.2.1
nanoid,0.4.0
nanoid-dictionary,0.4.3
nanoid-wasm,0.1.3
nanoid_cli,1.0.0
nanoimage,0.1.3
nanoir,0.100.0
nanokit,0.2.0
nanoleaf,0.1.1
nanoly,0.1.0
nanom,0.1.6
nanom-derive,0.1.2
nanomsg,0.7.2
nanomsg-sys,0.7.2
nanopass,0.1.8
nanopow-rs,0.3.3
nanopre,0.1.2
nanopub,0.1.4
pic2lcd,0.1.0
pic2txt,1.0.0
pic32-config-sector,0.3.0
pic32-hal,0.13.0
pic32mx2xx,0.7.0
pic32mx470,0.1.0
pic32mx567,0.1.0
pic8259,0.11.0
pic8259_simple,0.2.0
pic8259_x86,0.1.0
pica,0.1.7
picahq,0.1.1
picam,0.0.0
pican,0.1.0
picard,0.0.1
picard-core,0.0.1
picasso-core,0.1.0
picat,0.1.0
piccolo,0.3.3
piccolo-util,0.3.3
crate-pro,0.1.0
crate-publish-test,0.1.1
crate-publish-test-foo,0.1.0
crate-published,0.1.0
crate-race,1.1.2
crate-redeem-in-kind,0.6.0
crate-root,0.1.3
crate-sample-pdaj,0.1.0
crate-settings,0.0.7
crate-starter,1.1.0
crate-template,0.0.1
crate-test-20220118,0.2.0
crate-test-bolt,0.1.0
crate-test-xxx,0.1.13
crate-token,0.6.0
crate-version,0.1.0
crate-version-experiment,0.3.5
crate-web,0.1.1
crate2bib,0.3.2
lmdb-rs,0.7.6
lmdb-rs-m,0.7.8
lmdb-sys,0.8.0
lmdb-sys2,0.11.2
lmdb-zero,0.4.4
lmfu,1.3.1
lmgpt,0.1.5
lminc,2.0.1
lmk,0.2.0
lml,0.1.0
lmml,0.6.0
lmml-cli,0.6.0
lmml-parser,0.6.0
lmnkjgkj-std-backtrace-anyhow,0.0.0
lmntal-language-server,0.1.1
lmntalc,0.12.0
lmql,0.3.0
lms,0.4.0
lms-signature,0.0.1
lms_lib,0.4.0
photon-http,0.0.0
photon-indexer,0.50.0
photon-rs,0.3.2
photon_decode,0.2.1
photon_garden_obsidian,0.1.0
photondb,0.0.4
photondb-engine,0.0.1
photondb-tools,0.0.4
photonic,0.1.0
photonic-audio,0.1.0
photonic-dynamic,0.1.0
photonic-dynamic-runner,0.1.0
photonic-effects,0.1.0
photonic-interface-cli,0.1.0
photonic-interface-grpc,0.1.0
photonic-interface-grpc-client,0.1.0
photonic-interface-grpc-proto,0.1.0
photonic-interface-mqtt,0.1.0
photonic-interface-restore,0.1.0
photonic-lua,0.1.0
yew-struct-component,0.1.4
yew-struct-component-macro,0.1.4
yew-style,0.1.4
yew-style-in-rs,0.4.1
yew-style-in-rs-core,0.4.1
yew-style-in-rs-macro,0.4.1
yew-table,0.1.2
yew-template,0.10.0
yew-tincture,0.2.2
yew-transition-group,0.0.1
yew-ui,0.1.0
yew-unocss-transformer,0.0.0
yew-utils,0.3.0
yew-vdom-gen,0.1.0
yew-virtual-scroller,0.1.0
yew-virtualized,0.2.0
yew-websocket,1.21.0
yew-webtransport,0.21.1
yew_assets,0.1.2
yew_audio,0.1.2
xrpl_api,0.16.7
xrpl_binary_codec,0.16.7
xrpl_cli,0.16.7
xrpl_http_client,0.16.7
xrpl_sdk_jsonrpc,0.12.0
xrpl_sdk_ws,0.12.0
xrpl_types,0.16.7
xrpl_ws_client,0.16.7
xrs,0.0.1
xrt,0.3.0
xrtsp,0.3.0
xrun,0.12.0
xrunits,0.1.2
xrust,1.2.4
xs,0.0.0
xs-api,0.1.0
xs-channel,0.3.7
xs-lib,0.4.0
xs233,0.3.0
xs233-sys,0.2.0
upstream,0.1.0
upstream-module,0.2.0
upstream-ontologist,0.2.2
upsun,0.1.0
upt,0.9.0
upt-please,0.0.0
uptest,0.1.4
uptest-cli,0.1.4
uptic,0.1.0
uptime,0.0.1
uptime_kuma_client,0.1.10
uptime_kuma_pusher,0.3.0
uptime_lib,0.3.1
uptimer,0.2.1
uption,0.6.6
upto,0.1.5
uptown_funk,0.1.3
uptown_funk_macro,0.1.2
uptrace,0.19.0
uptu_libs,0.1.0
sc-service-test,0.0.0
sc-simnode,16.0.0
sc-state-db,0.37.0
sc-statement-store,20.0.0
sc-storage-monitor,0.23.0
sc-sync-state-rpc,0.48.0
sc-sysinfo,41.0.0
sc-tracing,38.0.0
sc-tracing-proc-macro,11.0.0
sc-transaction-graph,3.0.0
sc-transaction-pool,38.1.0
sc-transaction-pool-api,38.1.0
sc-utils,18.0.0
sc16is752,0.1.1
sc2-macro,1.0.0
sc2-proc-macro,1.0.0
sc2-proto,0.2.3
sc2-proxy,0.1.0
bellande_rust_import,0.0.1
bellande_step,0.1.0
bellandeos_file_system_test,0.0.1
bellare-micali,0.1.2
bellboy,0.2.0
bellemere,0.1.0
bellframe,0.13.2
bellhop,0.2.1
bellhop-auth-dummy,0.2.1
bellhop-auth-header,0.2.1
bellhop-cli,0.2.1
bellhop-client,0.2.1
bellhop-demo,0.2.1
bellhop-hook-jenkins,0.2.1
bellissimo_auth0,0.0.4
bellman,0.14.0
bellman-keccak256,0.1.0
bellman_ce,0.8.0
bellos,0.0.4
bellpepper,0.4.1
diskinfo,0.1.0
diskio,0.1.2
diskit,0.1.4
disklru,0.3.3
diskmap,0.2.0
disko,0.0.0
diskonaut,0.11.0
diskotech,0.0.5
diskplan,0.1.0
diskplan-config,0.1.0
diskplan-filesystem,0.1.0
diskplan-schema,0.1.0
diskplan-traversal,0.1.0
diskqueue,0.1.0
disks,0.1.0
diskscan,0.3.0
diskspace,0.5.0
diskspace_insight,0.1.94
disktest,1.16.0
disktest-lib,1.2.0
rscontainer,0.1.0
rscope,0.0.1
rscp,0.1.7
rscpi,0.1.0
rscribe,0.1.1
rscript,0.17.0
rscripter,0.1.1
rscrypt,0.2.1
rscs,0.0.0
rscv,0.0.2
rscx,0.1.14
rscx-macros,0.1.14
rscx-mdx,0.1.7
rscx-web-macros,0.3.0
rsd,0.1.0
rsdate,0.5.0
rsdb,0.12.1
rsdbc,0.0.1
rsdbc-core,0.0.1
rsdbc-mysql,0.0.1
gwasm-api,0.3.0
gwasm-dispatcher,0.1.0
gwasm-instrument,0.3.0
gwasmi,0.30.0
gwasmi_core,0.12.0
gwd-backend-firefox,0.1.5
gwdiff,1.0.0
gweather-sys,4.5.0
gweiyser,0.1.4
gwipt,0.5.0
gwmp-mux,0.11.0
gwordle,0.1.2
gworld,0.1.0
gwv,0.3.2
gwy15-common,0.1.0
gwyh,0.1.0
gx,0.1.0
gx21m15,0.1.1
gxccd,0.1.1
gxci,0.3.7
pkg-macros,3.0.0
pkg-types,0.1.0
pkg-utils,0.1.0
pkg-version,1.0.0
pkg-version-impl,0.1.1
pkg-version-parser,0.1.1
pkg1,0.0.0
pkg2,0.0.0
pkg6dev,0.1.1
pkg_compile_time,0.1.3
pkg_impl,2.0.0
pkg_manager,0.1.1
pkgar,0.1.15
pkgar-core,0.1.15
pkgar-keys,0.1.15
pkgar-repo,0.1.15
pkgbob,0.0.6
pkgbuild,0.0.0
plot_interface,0.1.3
plotapi,0.1.1
plotcap,0.1.3
plotchart,0.2.12
ploteria,0.1.0
plotfx,0.1.0
plotka,0.0.0
plotlars,0.8.1
plotlib,0.5.1
plotly,0.12.1
plotly-fork,0.8.4
plotly_derive,0.12.1
plotly_kaleido,0.12.1
plotly_orca,0.0.0
plotpoint,0.1.8
plotpy,1.13.0
plotrs,0.1.3
plotsweep,0.1.0
oldwin-vc-ltl5,0.1.1
oldwin-yy-thunks,0.1.1
ole,0.1.15
ole32-sys,0.2.0
oleaut32-sys,0.2.0
oled,0.0.0
oled_shmoled,0.2.1
olekit,1.0.2
olha,0.0.0
oli,0.41.17
oli-tui,0.1.0
olibs724-service,0.0.0
oliframe,0.3.0
olimex-stm32-p107,0.1.0
olin,0.3.0
olinker,0.1.0
olio,1.4.0
olis_string,0.1.3
olivarius-art,0.0.0
self-rust-tokenize,0.4.0
self-rust-tokenize-derive,0.4.1
self-signed-cert,1.0.3
self_cell,1.1.0
self_encryption,0.31.0
self_sdk,0.1.0
self_service,0.0.0
self_update,0.42.0
self_update_danger_no_ssl_verify,0.38.0
selfe-arc,0.1.1
selfe-config,0.2.1
selfe-runtime,0.1.1
selfe-start,0.1.0
selfe-sys,0.1.1
selfie,0.0.3
selfish,0.1.0
selfref,0.4.3
selfserv-daemon,0.2.0
selfsimilar,0.1.0
selfstack,0.3.0
ucd-data,0.1.0
ucd-generate,0.3.1
ucd-parse,0.1.13
ucd-raw,0.5.0
ucd-trie,0.1.7
ucd-util,0.2.2
ucelofka,0.3.0
ucf,0.1.5
ucfirst,0.3.0
ucg,0.7.2
uchan,0.1.4
uchardet,2.0.4
uchardet-sys,2.0.3
uchimizu,0.0.1
uchr,0.0.2
uchrono,0.1.1
uchu,0.1.0
uci,0.2.3
uci-parser,1.1.0
uci_rs,0.1.2
eodhd_rs,0.2.0
eodhistoricaldata_api,0.4.0
eoe,0.2.0
eoflint,0.2.0
eol,0.1.1
eolib,2.1.1
eom,0.11.0
eon,0.0.0
eon-rs,1.0.0
eonil_apple_oslog,0.1.2
eons,0.1.0
eopl,0.0.0
eopsin,0.0.0
eorst,0.2.0
eos,0.0.0
eos-eapi,0.2.0
eos-s3,0.1.0
eos-tz,0.0.0
eos-tzdata,0.0.0
veruna-data,0.0.0
veruna-kernel,0.0.0
verus,0.0.0
verusfmt,0.5.3
verust,0.2.4
verver,0.0.1
vervolg,0.1.0
very-bad-error-propagation,0.1.1
very-trash-cli,0.1.0
very_basic_crate,0.2.0
very_primitive_tables,0.1.3
very_simple_2d,1.0.0
very_simple_2d_core,0.6.0
very_simple_trie,0.1.3
veryfast,0.3.1
veryfi,1.0.0
migrations_internals,2.2.0
migrations_macros,2.2.0
migrator,0.1.0
migratour,0.1.1
migres,0.0.1
mih-rs,0.3.1
miho,7.0.0
miho_derive,5.2.0
mii,0.1.1
miio-proto,0.1.5
mijia,0.7.1
mijia-homie,0.2.7
mijit,0.2.4
mik32-rt,0.1.0
mik32-rt-macros,0.5.0
mik32v2-pac,0.0.1
mika,0.0.0
mikado,0.1.0
mikan-rs,0.1.4
mikasa-utils,0.1.0
iap-jwt,0.2.0
iapi,0.1.0
iapiab,0.1.0
iapp_doc_test,0.0.0
iaq-core,0.1.0
iarapi-rs,0.1.1
iargs,0.1.0
iars,0.1.0
ias,0.2.1
iasc,0.1.0
iascar,0.2.1
iastconvert,0.1.2
iasthk,1.0.1
iat,0.1.2
iata-types,0.1.4
iata_bcbp,1.0.0
iay,0.4.3
ib,3.0.0
bevy_koto,0.2.0
bevy_kwai_interactive_live,0.1.2
bevy_la_mesa,0.15.4
bevy_landmass,0.8.0
bevy_lazy_prefabs,0.2.1
bevy_ldtk,0.5.0
bevy_ldtk_asset,0.6.4
bevy_leat,0.0.0
bevy_level,0.0.1
bevy_libgdx_atlas,0.3.2
bevy_library,0.0.1
bevy_life,0.11.0
bevy_light_2d,0.5.0
bevy_light_field,0.8.0
bevy_lighting,0.0.1
bevy_lightspeed2d,0.1.0
bevy_lightspeed3d,0.1.0
bevy_lightspeed4d,0.1.0
bevy_lightyear,0.1.0
dangerous_option,0.2.0
dangit,0.1.0
dango,0.1.1
dango-core,0.1.1
dango-music-player,0.0.0
dango-tui,0.0.0
daniel_crate,0.1.1
danielfns,0.1.0
danielq_art,0.0.0
daniels_basic_math,0.1.1
dankboi,0.1.2
danmu2ass,0.2.1
danmuji,0.1.0
dano,0.9.1
dantalian,0.4.6
dante-cli,0.8.3
dante-control-rs,0.8.2
danu,0.0.0
danube-client,0.3.4
danube-core,0.3.4
deallocate-zeroed,0.2.0
deam,0.0.0
dean_minigrep,0.1.1
deanonro,0.1.0
dear,0.1.1
dearbitrary,1.0.4
dearbitrary_derive,1.0.1
deary,0.0.1
deasync,0.1.0
death,0.1.0
death_god_logging_tool,4.1.3
deathframe,0.5.1
deathrip,0.2.1
deb,0.5.18
deb-architectures,0.1.0
deb-control,0.0.0
deb-libsolv-resolver,0.0.0
deb-rs,0.1.2
deb-rust,0.1.2
deb-version,0.1.1
rust_caching,0.0.0
rust_calendar_parser,0.1.1
rust_cards,0.1.2
rust_cargo_test,0.1.1
rust_cascade,1.5.0
rust_cast,0.19.0
rust_cfg_parser,0.1.0
rust_chacha20,0.3.0
rust_ci,0.1.0
rust_class,0.1.0
rust_clear,0.1.0
rust_cli,0.1.0
rust_client,0.2.3
rust_closure,0.1.0
rust_clue_solver_2,0.1.2
rust_cn,0.1.6
rust_code_organization,0.0.0