name,version,dependency_count
nanohtml2text,0.2.1,0.0
nanohttp,0.2.1,0.0
nanoid,0.4.0,8.0
nanoid-dictionary,0.4.3,0.0
nanoid-wasm,0.1.3,0.0
nanoid_cli,1.0.0,16.0
nanoimage,0.1.3,0.0
nanoir,0.100.0,0.0
nanokit,0.2.0,0.0
nanoleaf,0.1.1,93.0
nanoly,0.1.0,0.0
nanom,0.1.6,20.0
nanom-derive,0.1.2,7.0
nanomsg,0.7.2,2.0
nanomsg-sys,0.7.2,1.0
nanopass,0.1.8,19.0
nanopow-rs,0.3.3,20.0
nanopre,0.1.2,0.0
nanopub,0.1.4,140.0
pic2lcd,0.1.0,18.0
pic2txt,1.0.0,23.0
pic32-config-sector,0.3.0,0.0
pic32-hal,0.13.0,13.0
pic32mx2xx,0.7.0,1.0
pic32mx470,0.1.0,1.0
pic32mx567,0.1.0,2.0
pic8259,0.11.0,5.0
pic8259_simple,0.2.0,1.0
pic8259_x86,0.1.0,0.0
pica,0.1.7,45.0
picahq,0.1.1,318.0
picam,0.0.0,
pican,0.1.0,49.0
picard,0.0.1,8.0
picard-core,0.0.1,7.0
picasso-core,0.1.0,29.0
picat,0.1.0,9.0
piccolo,0.3.3,20.0
piccolo-util,0.3.3,21.0
crate-pro,0.1.0,0.0
crate-publish-test,0.1.1,0.0
crate-publish-test-foo,0.1.0,0.0
crate-published,0.1.0,0.0
crate-race,1.1.2,98.0
crate-redeem-in-kind,0.6.0,153.0
crate-root,0.1.3,0.0
crate-sample-pdaj,0.1.0,0.0
crate-settings,0.0.7,23.0
crate-starter,1.1.0,10.0
crate-template,0.0.1,0.0
crate-test-20220118,0.2.0,0.0
crate-test-bolt,0.1.0,0.0
crate-test-xxx,0.1.13,0.0
crate-token,0.6.0,152.0
crate-version,0.1.0,114.0
crate-version-experiment,0.3.5,0.0
crate-web,0.1.1,11.0
crate2bib,0.3.2,104.0
lmdb-rs,0.7.6,4.0
lmdb-rs-m,0.7.8,4.0
lmdb-sys,0.8.0,1.0
lmdb-sys2,0.11.2,1.0
lmdb-zero,0.4.4,4.0
lmfu,1.3.1,0.0
lmgpt,0.1.5,28.0
lminc,2.0.1,0.0
lmk,0.2.0,24.0
lml,0.1.0,0.0
lmml,0.6.0,65.0
lmml-cli,0.6.0,74.0
lmml-parser,0.6.0,68.0
lmnkjgkj-std-backtrace-anyhow,0.0.0,
lmntal-language-server,0.1.1,129.0
lmntalc,0.12.0,25.0
lmql,0.3.0,60.0
lms,0.4.0,52.0
lms-signature,0.0.1,19.0
lms_lib,0.4.0,22.0
photon-http,0.0.0,
photon-indexer,0.50.0,626.0
photon-rs,0.3.2,62.0
photon_decode,0.2.1,1.0
photon_garden_obsidian,0.1.0,17.0
photondb,0.0.4,59.0
photondb-engine,0.0.1,16.0
photondb-tools,0.0.4,77.0
photonic,0.1.0,47.0
photonic-audio,0.1.0,94.0
photonic-dynamic,0.1.0,56.0
photonic-dynamic-runner,0.1.0,132.0
photonic-effects,0.1.0,51.0
photonic-interface-cli,0.1.0,49.0
photonic-interface-grpc,0.1.0,66.0
photonic-interface-grpc-client,0.1.0,107.0
photonic-interface-grpc-proto,0.1.0,44.0
photonic-interface-mqtt,0.1.0,55.0
photonic-interface-restore,0.1.0,51.0
photonic-lua,0.1.0,60.0
yew-struct-component,0.1.4,72.0
yew-struct-component-macro,0.1.4,4.0
yew-style,0.1.4,71.0
yew-style-in-rs,0.4.1,83.0
yew-style-in-rs-core,0.4.1,0.0
yew-style-in-rs-macro,0.4.1,19.0
yew-table,0.1.2,74.0
yew-template,0.10.0,39.0
yew-tincture,0.2.2,72.0
yew-transition-group,0.0.1,72.0
yew-ui,0.1.0,71.0
yew-unocss-transformer,0.0.0,
yew-utils,0.3.0,71.0
yew-vdom-gen,0.1.0,71.0
yew-virtual-scroller,0.1.0,72.0
yew-virtualized,0.2.0,72.0
yew-websocket,1.21.0,81.0
yew-webtransport,0.21.1,77.0
yew_assets,0.1.2,71.0
yew_audio,0.1.2,86.0
xrpl_api,0.16.7,16.0
xrpl_binary_codec,0.16.7,37.0
xrpl_cli,0.16.7,135.0
xrpl_http_client,0.16.7,116.0
xrpl_sdk_jsonrpc,0.12.0,116.0
xrpl_sdk_ws,0.12.0,77.0
xrpl_types,0.16.7,15.0
xrpl_ws_client,0.16.7,77.0
xrs,0.0.1,7.0
xrt,0.3.0,0.0
xrtsp,0.3.0,124.0
xrun,0.12.0,129.0
xrunits,0.1.2,0.0
xrust,1.2.4,43.0
xs,0.0.0,0.0
xs-api,0.1.0,0.0
xs-channel,0.3.7,219.0
xs-lib,0.4.0,23.0
xs233,0.3.0,13.0
xs233-sys,0.2.0,0.0
upstream,0.1.0,62.0
upstream-module,0.2.0,159.0
upstream-ontologist,0.2.2,165.0
upsun,0.1.0,0.0
upt,0.9.0,19.0
upt-please,0.0.0,
uptest,0.1.4,64.0
uptest-cli,0.1.4,64.0
uptic,0.1.0,0.0
uptime,0.0.1,6.0
uptime_kuma_client,0.1.10,128.0
uptime_kuma_pusher,0.3.0,36.0
uptime_lib,0.3.1,17.0
uptimer,0.2.1,14.0
uption,0.6.6,127.0
upto,0.1.5,0.0
uptown_funk,0.1.3,6.0
uptown_funk_macro,0.1.2,4.0
uptrace,0.19.0,95.0
uptu_libs,0.1.0,0.0
sc-service-test,0.0.0,0.0
sc-simnode,16.0.0,470.0
sc-state-db,0.37.0,124.0
sc-statement-store,20.0.0,277.0
sc-storage-monitor,0.23.0,139.0
sc-sync-state-rpc,0.48.0,409.0
sc-sysinfo,41.0.0,388.0
sc-tracing,38.0.0,275.0
sc-tracing-proc-macro,11.0.0,10.0
sc-transaction-graph,3.0.0,228.0
sc-transaction-pool,38.1.0,269.0
sc-transaction-pool-api,38.1.0,206.0
sc-utils,18.0.0,112.0
sc16is752,0.1.1,1.0
sc2-macro,1.0.0,8.0
sc2-proc-macro,1.0.0,7.0
sc2-proto,0.2.3,9.0
sc2-proxy,0.1.0,101.0
bellande_rust_import,0.0.1,4.0
bellande_step,0.1.0,100.0
bellandeos_file_system_test,0.0.1,28.0
bellare-micali,0.1.2,29.0
bellboy,0.2.0,81.0
bellemere,0.1.0,0.0
bellframe,0.13.2,13.0
bellhop,0.2.1,172.0
bellhop-auth-dummy,0.2.1,173.0
bellhop-auth-header,0.2.1,176.0
bellhop-cli,0.2.1,114.0
bellhop-client,0.2.1,87.0
bellhop-demo,0.2.1,201.0
bellhop-hook-jenkins,0.2.1,195.0
bellissimo_auth0,0.0.4,46.0
bellman,0.14.0,15.0
bellman-keccak256,0.1.0,16.0
bellman_ce,0.8.0,33.0
bellos,0.0.4,24.0
bellpepper,0.4.1,17.0
diskinfo,0.1.0,0.0
diskio,0.1.2,1.0
diskit,0.1.4,14.0
disklru,0.3.3,39.0
diskmap,0.2.0,15.0
disko,0.0.0,
diskonaut,0.11.0,55.0
diskotech,0.0.5,33.0
diskplan,0.1.0,35.0
diskplan-config,0.1.0,25.0
diskplan-filesystem,0.1.0,10.0
diskplan-schema,0.1.0,6.0
diskplan-traversal,0.1.0,29.0
diskqueue,0.1.0,32.0
disks,0.1.0,0.0
diskscan,0.3.0,48.0
diskspace,0.5.0,41.0
diskspace_insight,0.1.94,40.0
disktest,1.16.0,52.0
disktest-lib,1.2.0,51.0
rscontainer,0.1.0,1.0
rscope,0.0.1,0.0
rscp,0.1.7,8.0
rscpi,0.1.0,28.0
rscribe,0.1.1,29.0
rscript,0.17.0,20.0
rscripter,0.1.1,0.0
rscrypt,0.2.1,19.0
rscs,0.0.0,0.0
rscv,0.0.2,146.0
rscx,0.1.14,49.0
rscx-macros,0.1.14,16.0
rscx-mdx,0.1.7,83.0
rscx-web-macros,0.3.0,4.0
rsd,0.1.0,11.0
rsdate,0.5.0,28.0
rsdb,0.12.1,16.0
rsdbc,0.0.1,167.0
rsdbc-core,0.0.1,37.0
rsdbc-mysql,0.0.1,105.0
gwasm-api,0.3.0,134.0
gwasm-dispatcher,0.1.0,10.0
gwasm-instrument,0.3.0,1.0
gwasmi,0.30.0,11.0
gwasmi_core,0.12.0,4.0
gwd-backend-firefox,0.1.5,70.0
gwdiff,1.0.0,32.0
gweather-sys,4.5.0,14.0
gweiyser,0.1.4,227.0
gwipt,0.5.0,145.0
gwmp-mux,0.11.0,
gwordle,0.1.2,7.0
gworld,0.1.0,9.0
gwv,0.3.2,111.0
gwy15-common,0.1.0,97.0
gwyh,0.1.0,74.0
gx,0.1.0,0.0
gx21m15,0.1.1,8.0
gxccd,0.1.1,3.0
gxci,0.3.7,15.0
pkg-macros,3.0.0,5.0
pkg-types,0.1.0,10.0
pkg-utils,0.1.0,38.0
pkg-version,1.0.0,2.0
pkg-version-impl,0.1.1,1.0
pkg-version-parser,0.1.1,18.0
pkg1,0.0.0,
pkg2,0.0.0,
pkg6dev,0.1.1,114.0
pkg_compile_time,0.1.3,8.0
pkg_impl,2.0.0,0.0
pkg_manager,0.1.1,4.0
pkgar,0.1.15,72.0
pkgar-core,0.1.15,33.0
pkgar-keys,0.1.15,71.0
pkgar-repo,0.1.15,0.0
pkgbob,0.0.6,82.0
pkgbuild,0.0.0,
plot_interface,0.1.3,57.0
plotapi,0.1.1,11.0
plotcap,0.1.3,15.0
plotchart,0.2.12,16.0
ploteria,0.1.0,4.0
plotfx,0.1.0,0.0
plotka,0.0.0,
plotlars,0.8.1,105.0
plotlib,0.5.1,2.0
plotly,0.12.1,34.0
plotly-fork,0.8.4,34.0
plotly_derive,0.12.1,9.0
plotly_kaleido,0.12.1,12.0
plotly_orca,0.0.0,
plotpoint,0.1.8,15.0
plotpy,1.13.0,1.0
plotrs,0.1.3,85.0
plotsweep,0.1.0,32.0
oldwin-vc-ltl5,0.1.1,0.0
oldwin-yy-thunks,0.1.1,0.0
ole,0.1.15,0.0
ole32-sys,0.2.0,3.0
oleaut32-sys,0.2.0,3.0
oled,0.0.0,5.0
oled_shmoled,0.2.1,33.0
olekit,1.0.2,11.0
olha,0.0.0,0.0
oli,0.41.17,136.0
oli-tui,0.1.0,163.0
olibs724-service,0.0.0,
oliframe,0.3.0,45.0
olimex-stm32-p107,0.1.0,25.0
olin,0.3.0,14.0
olinker,0.1.0,0.0
olio,1.4.0,1.0
olis_string,0.1.3,0.0
olivarius-art,0.0.0,
self-rust-tokenize,0.4.0,7.0
self-rust-tokenize-derive,0.4.1,6.0
self-signed-cert,1.0.3,29.0
self_cell,1.1.0,0.0
self_encryption,0.31.0,71.0
self_sdk,0.1.0,137.0
self_service,0.0.0,120.0
self_update,0.42.0,107.0
self_update_danger_no_ssl_verify,0.38.0,106.0
selfe-arc,0.1.1,1.0
selfe-config,0.2.1,9.0
selfe-runtime,0.1.1,1.0
selfe-start,0.1.0,2.0
selfe-sys,0.1.1,0.0
selfie,0.0.3,1.0
selfish,0.1.0,26.0
selfref,0.4.3,0.0
selfserv-daemon,0.2.0,98.0
selfsimilar,0.1.0,8.0
selfstack,0.3.0,4.0
ucd-data,0.1.0,0.0
ucd-generate,0.3.1,9.0
ucd-parse,0.1.13,1.0
ucd-raw,0.5.0,0.0
ucd-trie,0.1.7,0.0
ucd-util,0.2.2,0.0
ucelofka,0.3.0,103.0
ucf,0.1.5,34.0
ucfirst,0.3.0,0.0
ucg,0.7.2,65.0
uchan,0.1.4,2.0
uchardet,2.0.4,3.0
uchardet-sys,2.0.3,1.0
uchimizu,0.0.1,0.0
uchr,0.0.2,0.0
uchrono,0.1.1,0.0
uchu,0.1.0,4.0
uci,0.2.3,1.0
uci-parser,1.1.0,8.0
uci_rs,0.1.2,1.0
eodhd_rs,0.2.0,120.0
eodhistoricaldata_api,0.4.0,93.0
eoe,0.2.0,5.0
eoflint,0.2.0,19.0
eol,0.1.1,4.0
eolib,2.1.1,13.0
eom,0.11.0,31.0
eon,0.0.0,
eon-rs,1.0.0,0.0
eonil_apple_oslog,0.1.2,1.0
eons,0.1.0,108.0
eopl,0.0.0,
eopsin,0.0.0,0.0
eorst,0.2.0,62.0
eos,0.0.0,0.0
eos-eapi,0.2.0,24.0
eos-s3,0.1.0,11.0
eos-tz,0.0.0,0.0
eos-tzdata,0.0.0,0.0
veruna-data,0.0.0,
veruna-kernel,0.0.0,
verus,0.0.0,0.0
verusfmt,0.5.3,48.0
verust,0.2.4,3.0
verver,0.0.1,1.0
vervolg,0.1.0,21.0
very-bad-error-propagation,0.1.1,0.0
very-trash-cli,0.1.0,22.0
very_basic_crate,0.2.0,0.0
very_primitive_tables,0.1.3,0.0
very_simple_2d,1.0.0,0.0
very_simple_2d_core,0.6.0,6.0
very_simple_trie,0.1.3,0.0
veryfast,0.3.1,2.0
veryfi,1.0.0,89.0
migrations_internals,2.2.0,9.0
migrations_macros,2.2.0,10.0
migrator,0.1.0,206.0
migratour,0.1.1,82.0
migres,0.0.1,74.0
mih-rs,0.3.1,3.0
miho,7.0.0,157.0
miho_derive,5.2.0,4.0
mii,0.1.1,1.0
miio-proto,0.1.5,43.0
mijia,0.7.1,53.0
mijia-homie,0.2.7,155.0
mijit,0.2.4,9.0
mik32-rt,0.1.0,12.0
mik32-rt-macros,0.5.0,6.0
mik32v2-pac,0.0.1,6.0
mika,0.0.0,39.0
mikado,0.1.0,0.0
mikan-rs,0.1.4,74.0
mikasa-utils,0.1.0,4.0
iap-jwt,0.2.0,40.0
iapi,0.1.0,72.0
iapiab,0.1.0,142.0
iapp_doc_test,0.0.0,
iaq-core,0.1.0,2.0
iarapi-rs,0.1.1,11.0
iargs,0.1.0,0.0
iars,0.1.0,11.0
ias,0.2.1,44.0
iasc,0.1.0,4.0
iascar,0.2.1,22.0
iastconvert,0.1.2,10.0
iasthk,1.0.1,5.0
iat,0.1.2,4.0
iata-types,0.1.4,6.0
iata_bcbp,1.0.0,3.0
iay,0.4.3,63.0
ib,3.0.0,71.0
bevy_koto,0.2.0,142.0
bevy_kwai_interactive_live,0.1.2,139.0
bevy_la_mesa,0.15.4,140.0
bevy_landmass,0.8.0,135.0
bevy_lazy_prefabs,0.2.1,117.0
bevy_ldtk,0.5.0,116.0
bevy_ldtk_asset,0.6.4,214.0
bevy_leat,0.0.0,0.0
bevy_level,0.0.1,0.0
bevy_libgdx_atlas,0.3.2,110.0
bevy_library,0.0.1,0.0
bevy_life,0.11.0,108.0
bevy_light_2d,0.5.0,108.0
bevy_light_field,0.8.0,194.0
bevy_lighting,0.0.1,0.0
bevy_lightspeed2d,0.1.0,0.0
bevy_lightspeed3d,0.1.0,0.0
bevy_lightspeed4d,0.1.0,0.0
bevy_lightyear,0.1.0,58.0
dangerous_option,0.2.0,0.0
dangit,0.1.0,90.0
dango,0.1.1,25.0
dango-core,0.1.1,166.0
dango-music-player,0.0.0,0.0
dango-tui,0.0.0,0.0
daniel_crate,0.1.1,0.0
danielfns,0.1.0,0.0
danielq_art,0.0.0,
daniels_basic_math,0.1.1,0.0
dankboi,0.1.2,82.0
danmu2ass,0.2.1,117.0
danmuji,0.1.0,122.0
dano,0.9.1,43.0
dantalian,0.4.6,105.0
dante-cli,0.8.3,42.0
dante-control-rs,0.8.2,29.0
danu,0.0.0,0.0
danube-client,0.3.4,60.0
danube-core,0.3.4,48.0
deallocate-zeroed,0.2.0,1.0
deam,0.0.0,0.0
dean_minigrep,0.1.1,0.0
deanonro,0.1.0,124.0
dear,0.1.1,6.0
dearbitrary,1.0.4,0.0
dearbitrary_derive,1.0.1,4.0
deary,0.0.1,54.0
deasync,0.1.0,4.0
death,0.1.0,0.0
death_god_logging_tool,4.1.3,34.0
deathframe,0.5.1,293.0
deathrip,0.2.1,112.0
deb,0.5.18,10.0
deb-architectures,0.1.0,0.0
deb-control,0.0.0,
deb-libsolv-resolver,0.0.0,
deb-rs,0.1.2,8.0
deb-rust,0.1.2,29.0
deb-version,0.1.1,0.0
rust_caching,0.0.0,
rust_calendar_parser,0.1.1,19.0
rust_cards,0.1.2,8.0
rust_cargo_test,0.1.1,0.0
rust_cascade,1.5.0,18.0
rust_cast,0.19.0,42.0
rust_cfg_parser,0.1.0,1.0
rust_chacha20,0.3.0,0.0
rust_ci,0.1.0,35.0
rust_class,0.1.0,0.0
rust_clear,0.1.0,27.0
rust_cli,0.1.0,35.0
rust_client,0.2.3,93.0
rust_closure,0.1.0,0.0
rust_clue_solver_2,0.1.2,0.0
rust_cn,0.1.6,0.0
rust_code_organization,0.0.0,
rust_code_visualizer,0.1.2,9.0
rust_coinlive,0.1.0,102.0
rust_combinatorics,0.1.0,0.0
nenya-sentinel,0.0.1,0.0
neo,0.3.3,113.0
neo-babylon,0.2.0,17.0
neo-crypto,0.1.3,17.0
neo-email,0.1.1,111.0
neo-mime,0.1.1,2.0
neo-mime-macro,0.1.1,6.0
neo-mime-parse,0.1.0,0.0
neo-sync,0.0.8,97.0
neo-web3,0.1.0,83.0
neo3,0.1.9,267.0
neo4j,0.2.0,62.0
neo4j-cli,0.1.0,116.0
neo4j_cypher,0.2.2,0.0
neo4j_testcontainers,0.3.0,104.0
neo4rs-macros,0.3.0,4.0
neo_trinkey,0.2.1,46.0
neobirth,0.1.1,56.0
solana-sys-tuner,1.14.29,85.0
solana-system-client,0.0.1,130.0
solana-system-instruction,0.0.1,0.0
solana-system-interface,1.0.0,51.0
solana-system-program,2.2.3,148.0
solana-system-transaction,2.2.1,75.0
solana-sysvar,2.2.1,75.0
solana-sysvar-id,2.2.1,52.0
solana-test,0.1.0,125.0
solana-test-client,0.1.0,497.0
solana-test-utils,0.1.19,538.0
solana-test-validator,2.2.3,
solana-thin-client,2.2.3,198.0
solana-time-utils,2.2.1,0.0
solana-timings,2.2.3,54.0
solana-tls-utils,2.2.3,95.0
solana-token-api,0.19.1,182.0
solana-token-program,0.0.0,
solana-tokens,2.2.3,371.0
solana-tps-client,2.2.3,401.0
moonramp-core,0.1.22,1.0
moonramp-encryption,0.1.22,3.0
moonramp-entity,0.1.22,2.0
moonramp-gateway,0.1.22,17.0
moonramp-http,0.1.22,4.0
moonramp-lunar,0.1.22,16.0
moonramp-lunar-core,0.1.22,10.0
moonramp-lunar-macro,0.1.22,4.0
moonramp-migration,0.1.22,64.0
moonramp-program,0.1.22,18.0
moonramp-program-rpc,0.1.22,115.0
moonramp-registry,0.1.22,2.0
moonramp-rpc,0.1.22,2.0
moonramp-sale,0.1.22,17.0
moonramp-sale-rpc,0.1.22,116.0
moonramp-wallet,0.1.22,2.0
moonramp-wallet-rpc,0.1.22,105.0
moonsdk,1.0.1,89.0
moonshine,0.0.0,0.0
crudcrate,0.2.4,97.0
crudcrate-derive,0.1.4,4.0
crude,0.0.1,4.0
crude-profiler,0.1.7,1.0
crude_cache,0.1.1,21.0
crudite,0.1.0,13.0
crudkit,0.0.0,0.0
crudx,1.1.0,6.0
cruet,0.15.0,4.0
crufst,0.1.0,0.0
cruiser,0.2.0,148.0
cruiser_derive,0.2.0,26.0
crulz,0.0.7,49.0
crum,0.3.0,10.0
crumb,0.2.1,0.0
crumble,0.10.2,7.0
crumble_ci,0.1.0,21.0
crumbles,0.3.0,2.0
crumsort,0.1.0,6.0
crunch,0.5.3,0.0
nu_plugin_ws,0.3.0,152.0
nu_plugin_x509,0.1.1,144.0
nu_plugin_xpath,0.44.0,148.0
nuage,0.1.0,0.0
nuance,0.3.2,194.0
nub,0.0.0,0.0
nuban,1.1.0,0.0
nuban_rust,0.1.1,0.0
nube,0.0.1,12.0
nubls,0.1.0,15.0
nuc1xx,0.1.2,11.0
nucgen,0.1.2,31.0
nuclear,0.0.10,53.0
nuclear-router,0.1.0,7.0
nuclei,0.4.4,53.0
nuclei-attributes,0.1.0,4.0
nucleic,0.0.1,0.0
nucleic-acid,0.1.1,2.0
nucleic-acids,0.1.0,0.0
nucleide,0.1.0,7.0
disarray-core,0.1.20,27.0
disarray-derive,0.1.13,4.0
disarray-ledger,0.1.20,53.0
disarray-macros,0.1.13,4.0
disarray-network,0.1.20,122.0
disarray-runtime,0.1.20,119.0
disas,0.1.3,8.0
disasm,0.5.1,1.0
disasm-core,0.5.1,0.0
disasm-e2k,0.5.2,1.0
disasm-gen,0.5.1,5.0
disasm-riscv,0.5.1,1.0
disasm-test,0.5.1,2.0
disasm-x86,0.5.1,1.0
disasm6502,0.2.2,0.0
disasm_x64,0.1.1,0.0
disassemble,0.0.1,0.0
disc,0.1.0,11.0
disc-bot,0.1.0,87.0
disc-derive,0.1.0,10.0
arduino_mkrzero,0.12.2,46.0
arduino_nano33iot,0.7.2,49.0
arduino_nano_connect,0.7.0,54.0
arduinors,0.1.1,11.0
are,0.0.2,0.0
are_we_touching,0.2.8,2.0
area-db,0.0.0,
area_crate,0.1.1,0.0
area_func,0.1.1,0.0
area_function,0.1.0,0.0
areaportal2d,0.1.1,7.0
arecibo,0.1.1,99.0
aredis,0.0.4,35.0
areion,0.1.0,0.0
arel,0.3.8,62.0
arel-macros,0.3.8,7.0
arel_macro,0.0.9,6.0
arelith_combat_simulator,1.5.1,10.0
aren_alloc,0.3.0,0.0
arena-alloc,0.1.2,0.0
air-execution-info-collector,0.7.14,31.0
air-interpreter-cid,0.9.0,38.0
air-interpreter-data,0.17.2,124.0
air-interpreter-interface,0.19.0,21.0
air-interpreter-sede,0.1.0,14.0
air-interpreter-signatures,0.1.7,86.0
air-interpreter-value,0.1.0,10.0
air-interpreter-wasm,0.64.1,0.0
air-interpreter-wasm_branch_release,0.0.0,0.0
air-interpreter-wasm_ci_fix_version_increment,0.0.1,0.0
air-interpreter-wasm_crate_release,0.0.18,0.0
air-interpreter-wasm_fix,0.0.0,0.0
air-interpreter-wasm_fold_iterable,0.0.9,0.0
air-interpreter-wasm_get_rid_current_peer_id,0.0.4,0.0
air-interpreter-wasm_jvalue_flatten,0.0.5,0.0
air-interpreter-wasm_logger-i32,0.0.5,0.0
air-interpreter-wasm_new_it_types,0.0.3,0.0
air-interpreter-wasm_new_stepper_outcome,0.0.13,0.0
air-interpreter-wasm_prerelease,0.0.1,0.0
air-interpreter-wasm_security_tetraplets_reborn,0.0.18,0.0
aws-sdk-arczonalshift,1.63.0,75.0
aws-sdk-artifact,1.52.0,75.0
aws-sdk-athena,1.66.0,75.0
aws-sdk-auditmanager,1.63.0,75.0
aws-sdk-autoscaling,1.70.0,79.0
aws-sdk-autoscalingplans,1.62.0,75.0
aws-sdk-b2bi,1.67.0,75.0
aws-sdk-backup,1.66.0,75.0
aws-sdk-backupgateway,1.62.0,75.0
aws-sdk-backupsearch,1.11.0,75.0
aws-sdk-backupstorage,1.30.0,75.0
aws-sdk-batch,1.72.0,75.0
aws-sdk-bcmdataexports,1.60.0,75.0
aws-sdk-bcmpricingcalculator,1.15.0,75.0
aws-sdk-bedrock,1.79.0,75.0
aws-sdk-bedrockagent,1.86.0,75.0
aws-sdk-bedrockagentruntime,1.85.0,77.0
aws-sdk-bedrockdataautomation,1.13.0,75.0
aws-sdk-bedrockdataautomationruntime,1.13.0,75.0
aws-sdk-bedrockruntime,1.77.0,77.0
mdbook-tabs,0.2.1,86.0
mdbook-tag,0.0.2,80.0
mdbook-tagger,0.2.0,81.0
mdbook-tailor,0.8.2,83.0
mdbook-tailwindcss,0.1.1,88.0
mdbook-templates,0.1.0,79.0
mdbook-tera,0.5.1,98.0
mdbook-tera-backend,0.0.1,97.0
mdbook-tex,0.0.0,0.0
mdbook-theme,0.1.6,80.0
mdbook-to-example,0.1.0,0.0
mdbook-to-github-wiki,0.1.2,13.0
mdbook-toc,0.14.2,79.0
mdbook-tocjs,0.1.4,80.0
mdbook-tools,0.1.1,5.0
mdbook-trace,0.1.1,80.0
mdbook-transcheck,0.2.8,41.0
mdbook-translation,0.1.1,81.0
theater,0.1.1,1.0
theatre,0.1.8,36.0
theattyr,0.1.10,82.0
thebakery,0.1.51,79.0
theban_db,0.7.0,21.0
theban_db_interface,0.2.0,28.0
theban_db_server,0.3.6,27.0
theban_interval_tree,0.7.1,15.0
theban_pass,0.2.0,29.0
thebook,0.3.0,101.0
theca,1.0.0,47.0
theclicker,0.2.1,10.0
thecocktaildb-rs,0.1.0,93.0
theforce,0.1.0,14.0
theframework,0.1.33,101.0
thefunland,0.1.0,0.0
thefunlib,0.1.0,0.0
thegarii,0.0.9,130.0
thegraph,0.0.0,0.0
thegraph-client-subgraphs,0.1.6,107.0
naoki_test_publish,0.2.4,0.0
naom,1.4.0,60.0
nap,0.0.5,6.0
napa,0.6.2,147.0
napali,0.1.1,196.0
napchart,0.3.1,91.0
naphtha,0.5.0,19.0
naphtha-proc-macro,0.5.0,4.0
napi-build,2.1.5,0.0
napi-build-ohos,1.0.4,0.0
napi-calm-down,2.16.13,23.0
napi-derive-backend-ohos,1.0.4,7.0
napi-derive-ohos,1.0.4,8.0
napi-h,2.16.1,23.0
napi-ohos,1.0.4,14.0
napi-package-template,0.1.0,102.0
napi-rs,0.0.0,
drs-0x01,0.3.0,3.0
drsh4dow_testing_mini_crate_that_do_nothing,0.1.2,0.0
drt-chain-scenario-format,0.0.3,23.0
drt-chain-vm,0.0.3,30.0
drt-chain-vm-executor,0.0.2,0.0
drt-price-aggregator-sc,0.0.3,27.0
drt-sc,0.0.3,16.0
drt-sc-codec,0.0.3,2.0
drt-sc-codec-derive,0.0.3,5.0
drt-sc-derive,0.0.3,9.0
drt-sc-meta,0.0.3,180.0
drt-sc-meta-lib,0.0.3,51.0
drt-sc-modules,0.0.3,17.0
drt-sc-scenario,0.0.3,73.0
drt-sc-snippets,0.0.3,155.0
drt-sc-wasm-adapter,0.0.3,17.0
drt-sdk,0.0.3,111.0
drt-tools,0.2.28,142.0
drt-wrewa-swap-sc,0.0.3,18.0
drteeth,0.2.1,132.0
plain_path,0.1.0,27.0
plain_trie,7.2.4,0.0
plainjson,0.1.2,4.0
plaintalk,0.0.15,6.0
plaintext,0.27.1,85.0
plaixt,0.0.0,0.0
plaixt-core,0.0.0,0.0
plamo,0.3.0,0.0
plan,1.0.1,46.0
plan9,0.1.1,27.0
plan9_asm,0.4.3,0.0
plan9whack,0.1.0,0.0
planar,0.1.2,0.0
planc,0.0.0,0.0
planc-common,0.0.0,0.0
planc-frontend,0.0.0,0.0
planc-protocol,0.0.0,0.0
planck_ecs,1.2.1,8.0
planck_ecs_bundle,1.1.0,3.0
planck_game_features,0.1.0,32.0
flexer,0.0.0,
flexflow,0.1.0,0.0
flexflow-core,0.1.1,0.0
flexflow-server,0.1.1,1.0
flexgen,0.4.5,25.0
flexgrid,0.1.1,0.0
flexi-parse,0.10.0,6.0
flexi_config,0.1.0,21.0
flexi_func,0.2.7,5.0
flexi_func_declarative,0.2.7,0.0
flexi_logger,0.29.8,9.0
flexi_logger_datadog,0.1.3,97.0
flexi_logger_rotate_writer,0.0.0,10.0
flexi_syslog,0.5.3,29.0
flexiber,0.1.3,8.0
flexiber_derive,0.1.3,5.0
flexible-hyper-server-tls,0.6.0,46.0
flexible-io,0.4.0,0.0
flexible-locks,0.1.0,9.0
flexible-locks_derive,0.1.0,4.0
geohash-rs,0.1.3,0.0
geohash-tools,0.1.3,3.0
geohash_gps,0.1.0,0.0
geohasher,0.1.4,0.0
geohashing,0.1.0,3.0
geohashrust,0.0.2,0.0
geoint,0.1.0,32.0
geoip,0.0.14,4.0
geoip-api,0.7.1,154.0
geoip-cli,0.1.0,135.0
geoip-http,0.3.0,74.0
geoip-rs,0.6.1,104.0
geoip-sys,0.0.14,1.0
geoip2,0.1.7,5.0
geoip2-city,0.1.0,0.0
geoip2-codegen,0.1.5,4.0
geoiplocation,0.3.0,88.0
geoipsed,0.1.3,47.0
geojson,0.24.2,13.0
emscripten-functions-sys,5.0.401,0.0
emscripten-sys,0.3.2,0.0
emscripten-val,0.1.7,1.0
emscripten-val-sys,0.1.7,0.0
emscripten_main_loop,0.1.1,0.0
emsdk,0.1.1,0.0
emsend,0.1.0,61.0
emseries,0.5.1,40.0
emstr,0.2.0,1.0
emu,0.1.3,7.0
emu-audio,0.1.2,6.0
emu-audio-types,0.1.0,0.0
emu-cli,0.4.3,79.0
emu-core-audio-driver,0.1.3,5.0
emu-runner,0.1.1,2.0
emu6502,0.1.1,26.0
emu6809,0.1.2,35.0
emu_core,0.1.1,84.0
emu_driver,0.1.0,126.0
emu_glsl,0.1.0,4.0
diatomic-waker,0.2.3,0.0
diazene,1.4.1,32.0
dib,0.1.0,7.0
dibi,0.1.2,70.0
dic,0.0.0,
dic-server,0.0.0,
dice,0.1.0,0.0
dice-bag,0.2.0,11.0
dice-command-parser,0.8.0,8.0
dice-me,0.1.1,12.0
dice-roll,0.1.1,0.0
dice-roller,0.1.3,15.0
dice_forge,0.3.0,8.0
dicebag,0.2.1,14.0
dicebear,0.1.3,91.0
dicecloud_sheet_printer,0.1.0,188.0
diced,0.1.2,1.0
diced-py,0.1.2,9.0
dicedb-rs,0.1.2,47.0
dicegen,0.1.0,8.0
agave-librapay-api,0.1.0,0.0
agave-loader-v4-program,0.1.0,0.0
agave-local-cluster,0.1.0,0.0
agave-logger,0.1.0,0.0
agave-lualoader,0.1.0,0.0
agave-measure,0.1.0,0.0
agave-memory-management,0.1.0,0.0
agave-merkle-tree,0.1.0,0.0
agave-metrics,0.1.0,0.0
agave-move-loader-api,0.1.0,0.0
agave-move-loader-program,0.1.0,0.0
agave-native-loader,0.1.0,0.0
agave-net-utils,0.1.0,0.0
agave-netutil,0.1.0,0.0
agave-nohash-hasher,0.1.0,0.0
agave-noop,0.1.0,0.0
agave-noop-program,0.1.0,0.0
agave-notifier,0.1.0,0.0
agave-ownable,0.1.0,0.0
agave-perf,0.1.0,0.0
solana-idl-converter,0.2.0,16.0
solana-include-idl,0.1.0,0.0
solana-include-idl-cli,0.1.0,8.0
solana-indexer,0.7.4,433.0
solana-inflation,2.2.1,0.0
solana-inline-spl,2.2.3,52.0
solana-install,1.18.26,339.0
solana-instruction,2.2.1,51.0
solana-instructions-sysvar,2.2.1,59.0
solana-invoke,0.2.0,128.0
solana-jonc-program-counter,0.0.0,
solana-jonc-program-counter-cli,0.0.0,
solana-jonc-program-counter-client,0.0.0,
solana-json,0.1.2,139.0
solana-jsonrpc-core,0.0.0,
solana-jsonrpc-http-server,0.0.0,
solana-jsonrpc-macros,0.0.0,
solana-jsonrpc-pubsub,0.0.0,
solana-jsonrpc-server-utils,0.0.0,
solana-jsonrpc-tcp-server,0.0.0,
rarathon,0.0.1,56.0
rarbg_api,1.0.42,94.0
rarc,0.1.0,92.0
rare,0.1.0,0.0
rarena,0.4.0,19.0
rarena-allocator,0.6.0,18.0
rarg,0.1.0,0.0
rargs,0.3.0,21.0
rargsxd,0.2.6,0.0
rarity,0.3.0,38.0
rarrow,0.0.1,0.0
rart-macros,0.0.6,4.0
rart-rs,0.0.8,15.0
ras,0.1.0,0.0
ras_auth,0.1.0,126.0
ras_service,0.2.0,96.0
rasc,0.1.0,0.0
rascal,0.1.2,5.0
rascal-scheme,0.1.0,0.0
rascal_bytecode,0.1.2,0.0
irmaseal-curve,0.1.5,3.0
irmatch,0.2.0,0.0
irmin,0.3.3,10.0
iro,0.0.1,2.0
iro-cli,0.2.1,19.0
iroga,0.2.2,25.0
iroh,0.34.0,292.0
iroh-api,0.2.0,210.0
iroh-base,0.34.0,6.0
iroh-bitswap,0.2.0,148.0
iroh-blake3,1.4.5,4.0
iroh-blobs,0.34.0,319.0
iroh-bytes,0.15.0,116.0
iroh-car,0.5.1,46.0
iroh-cli,0.28.1,364.0
iroh-dns-server,0.34.0,238.0
iroh-docs,0.34.0,325.0
iroh-doctor,0.33.0,337.0
iroh-embed,0.2.0,311.0
betting,0.3.1,17.0
betty,0.1.1,91.0
between,0.1.0,2.0
between-us,1.0.0,0.0
beul,1.0.0,0.0
bevier,1.1.1,23.0
bevior_tree,0.7.0,113.0
bevis,0.1.1,7.0
bevis-derive,0.1.0,4.0
bevis-strobe,0.1.1,12.0
bevm,0.1.1,54.0
bevnet,0.1.0,111.0
bevoids,0.1.0,108.0
bevsn,0.1.0,0.0
bevy-aabb-instancing,0.11.0,108.0
bevy-aabb-instancing-011,0.9.2,108.0
bevy-add-events-macro,0.1.0,0.0
bevy-alt-ui-navigation-lite,0.3.1,109.0
bevy-animated-text,0.1.0,108.0
dalek-ff-group-mirror,0.4.1,22.0
dalek-rangeproofs,0.0.0,
daleks,0.6.0,22.0
daleth_lsp,0.1.1,
dalfs,0.1.0,125.0
dali,0.3.0,21.0
dalia,1.2.0,1.0
dalloriam-cloud-client,0.3.1,111.0
dalloriam-cloud-protocol,0.3.1,6.0
dalvik,0.2.0,0.0
dam,0.1.3,32.0
damascus,0.0.9,22.0
damaya,0.1.0,0.0
dameng-helper,0.2.4,179.0
damians_custom_datetime_parser,0.2.5,17.0
daml,0.2.2,0.0
indexmap-nostd,0.4.0,0.0
indexmap-rmw,1.6.3,1.0
indexmenow,0.1.4,43.0
indexnow,0.0.0,61.0
indexor,0.5.0,149.0
indexrs,0.5.0,2.0
indexset,0.11.2,1.0
indexsort,0.2.0,0.0
indextree,4.7.3,0.0
indextree-macros,0.1.2,9.0
indextree-ng,1.0.5,0.0
indextreemap,0.1.25,6.0
indexvec,0.5.4,0.0
indi,5.0.1,89.0
indi-client,0.0.1,0.0
indi-rs,0.1.0,32.0
india,0.0.0,0.0
indicate,0.2.1,186.0
indicatif,0.17.11,30.0
indicatif-log-bridge,0.2.3,31.0
waynest-gen,0.0.25,17.0
waynest-macros,0.0.25,4.0
waynetest,0.1.0,0.0
waynova,0.0.1,0.0
wayout,1.1.3,31.0
wayplover,0.1.2,108.0
waypwr,0.1.1,234.0
wayrs-client,1.3.0,9.0
wayrs-core,1.0.4,1.0
wayrs-cursor,0.0.0,
wayrs-egl,0.5.0,15.0
wayrs-proto-parser,3.0.1,2.0
